movie,review,cleaned_review,sentiment,sentiment_label
scary_movie_2026,Storyline was far from flowing and logical. Definitely more a pop culture watch than a standalone complete film,storyline was far from flowing and logical definitely more a pop culture watch than a standalone complete film,positive,1
scary_movie_2026,Leave at the middle,leave at the middle,neutral,2
scary_movie_2026,"20 minutes in, I already started hating the movie. By 30 minutes in, I was already debating whether to walk or not. I decided to stay, which was a mistake. A few race jokes here and there is fine. But to ram the whole ""black"" scenario every 3 seconds gets old real quick. Also, there was absolutely no plot to the movie and the acting was stupid (even the original cast was stupid. Whether to match the stupidity of the young cast or not is questionable). There were no scene(s) that I, or anyone else in the entire theater, found funny.",minutes in i already started hating the movie by minutes in i was already debating whether to walk or not i decided to stay which was a mistake a few race jokes here and there is fine but to ram the whole black scenario every seconds gets old real quick also there was absolutely no plot to the movie and the acting was stupid even the original cast was stupid whether to match the stupidity of the young cast or not is questionable there were no scenes that i or anyone else in the entire theater found funny,negative,0
scary_movie_2026,"Hilarious, they did a great job with this. Definitely worth the watch.",hilarious they did a great job with this definitely worth the watch,positive,1
scary_movie_2026,It wasnt as funny as the others. I liked seeing all the characters again. I could have waited to watch at home.,it wasnt as funny as the others i liked seeing all the characters again i could have waited to watch at home,positive,1
scary_movie_2026,Joke weren’t that funny,joke werent that funny,positive,1
scary_movie_2026,"It was funny, the nostalgia was there. not as good as 1 and 2 but better than 4",it was funny the nostalgia was there not as good as and but better than,positive,1
scary_movie_2026,This movie was great! I just wish that there was more action.,this movie was great i just wish that there was more action,positive,1
scary_movie_2026,"Omg it's so bad. Didn't laugh once. And I'm a big fan of the old classics. Never should have happened. The theater was silent and awkward. Super disappointing, waste of money.",omg its so bad didnt laugh once and im a big fan of the old classics never should have happened the theater was silent and awkward super disappointing waste of money,negative,0
scary_movie_2026,Had some laughs but some jokes didn’t land . Was hoping it to be funnier,had some laughs but some jokes didnt land was hoping it to be funnier,neutral,2
masters_of_the_universe_2026,"It is a fantasy fun movie. The lead character on his quest for the power of a sword goes through various challenges to reach his goal. I liked that story placed him in normal society of today instead of a separate living area. He faces the same challenges of work, bosses etc as everyone but a personal goal to find the sword. The evil character is intense to me. Fun movie",it is a fantasy fun movie the lead character on his quest for the power of a sword goes through various challenges to reach his goal i liked that story placed him in normal society of today instead of a separate living area he faces the same challenges of work bosses etc as everyone but a personal goal to find the sword the evil character is intense to me fun movie,positive,1
masters_of_the_universe_2026,I'm from that last generation who grew up watching He-Man and this movie was just OK. A lot sarcasm but no bad at all. What I really loved was the whole Eternia environment and the characters.,im from that last generation who grew up watching heman and this movie was just ok a lot sarcasm but no bad at all what i really loved was the whole eternia environment and the characters,positive,1
masters_of_the_universe_2026,"Definitely really fun. Great visuals. A little campy, but on purpose to play into the time period that birthed it. It’s not elevating the action fantasy genre, but it’s definitely a fun ride.",definitely really fun great visuals a little campy but on purpose to play into the time period that birthed it its not elevating the action fantasy genre but its definitely a fun ride,positive,1
masters_of_the_universe_2026,Took me instantly back to my childhood. I really loved this movie. My kids loved this movie too. Very exciting movie. Skeletor was hilarious too. I'll watch it again!,took me instantly back to my childhood i really loved this movie my kids loved this movie too very exciting movie skeletor was hilarious too ill watch it again,positive,1
masters_of_the_universe_2026,I haven’t seen a movie this bad in a long time.,i havent seen a movie this bad in a long time,negative,0
masters_of_the_universe_2026,"*SPOILERS* As much as I can't stand Jared Leto, he played Skeletor very well. Teela was absolutely amazing. Man-at-Arms, brilliant. The battle bot was great. Other than that, what I thought was going to be a fun movie fell pretty short. CGI was good but the plot, meh. I wish Orco and Cringer would have been more present in this movie. I don't even remember Fisto and I wish they would have put Man-E-Faces instead.",spoilers as much as i cant stand jared leto he played skeletor very well teela was absolutely amazing manatarms brilliant the battle bot was great other than that what i thought was going to be a fun movie fell pretty short cgi was good but the plot meh i wish orco and cringer would have been more present in this movie i dont even remember fisto and i wish they would have put manefaces instead,positive,1
masters_of_the_universe_2026,"Masters of the Universe was a fun and entertaining movie that delivered the action, adventure, and fantasy elements I was hoping for. The visuals were strong, the world looked great, and it did a solid job bringing the franchise to life. My biggest criticism is that some of the acting felt a little off at times. There were a few moments where the performances didn’t quite match the intensity of the scenes, which occasionally took me out of the movie. Thankfully, it wasn’t enough to hurt the overall experience. Despite those issues, I had a good time watching it. It’s the kind of movie that’s easy to sit back, relax, and enjoy without overthinking. Not perfect, but definitely a fun ride. Rating: 8/10",masters of the universe was a fun and entertaining movie that delivered the action adventure and fantasy elements i was hoping for the visuals were strong the world looked great and it did a solid job bringing the franchise to life my biggest criticism is that some of the acting felt a little off at times there were a few moments where the performances didnt quite match the intensity of the scenes which occasionally took me out of the movie thankfully it wasnt enough to hurt the overall experience despite those issues i had a good time watching it its the kind of movie thats easy to sit back relax and enjoy without overthinking not perfect but definitely a fun ride rating,positive,1
masters_of_the_universe_2026,"Wow absolutely amazing! I loved every character portrayal and their designs, Jared Leto did an amazing job as skeletor he is very comical in the cartoon and has been memed a ton and for them to slip that in was brilliant. The main actor that play He-Man loved him, the love interest and dynamic loved it, and my favorite character shows up at the end with the battle Cat! All in all and impressive Blend of comedy and action while staying true to the franchise, a class act in film.",wow absolutely amazing i loved every character portrayal and their designs jared leto did an amazing job as skeletor he is very comical in the cartoon and has been memed a ton and for them to slip that in was brilliant the main actor that play heman loved him the love interest and dynamic loved it and my favorite character shows up at the end with the battle cat all in all and impressive blend of comedy and action while staying true to the franchise a class act in film,positive,1
masters_of_the_universe_2026,"I love it, a very fun movie. I recommend it especially those who loved He-Man as a kid. 10/10",i love it a very fun movie i recommend it especially those who loved heman as a kid,positive,1
masters_of_the_universe_2026,as never seen the original I enjoyed the premise and has made me wanna watch the old to see how I stands up,as never seen the original i enjoyed the premise and has made me wanna watch the old to see how i stands up,positive,1
backrooms,Absolutely horrible. ITS SUPPOSED TO BE HORROR but no actual horror. I SPRNT 2 hours of my life watching this movie as well as watching the lore to try understand the movie better. Lots of loose ends and no happy ending for characters. Shit movie!,absolutely horrible its supposed to be horror but no actual horror i sprnt hours of my life watching this movie as well as watching the lore to try understand the movie better lots of loose ends and no happy ending for characters shit movie,negative,0
backrooms,"If you can imagine watching YouTuber CoryxKenshin play a video game adaptation of Being John Malkovich, you’ll have a rough roadmap for Backrooms. Kane Parsons’ otherworldly film is a rabbit hole within a rabbit hole, that plunges into a reality that seems determined to resist explanation. It’s weird, bizarre, and relentlessly trippy. Every turn down an endless hallway deepens the mystery, layering intrigue upon intrigue. Chiwetel Ejiofor delivers a grounded performance as Clark, an ordinary man struggling to hold his life together until he stumbles upon the extradimensional space that manifests as a warped photocopy of his deteriorating world. The mythology surrounding Backrooms feels as vast and infinite as the labyrinth itself. Is it meant to be fully understood? Maybe not. But that uncertainty is what makes the film captivating. Rather than offering answers, Backrooms invites audiences to lose themselves in the unsettling wonder of the unknown. The journey is impossible to forget.",if you can imagine watching youtuber coryxkenshin play a video game adaptation of being john malkovich youll have a rough roadmap for backrooms kane parsons otherworldly film is a rabbit hole within a rabbit hole that plunges into a reality that seems determined to resist explanation its weird bizarre and relentlessly trippy every turn down an endless hallway deepens the mystery layering intrigue upon intrigue chiwetel ejiofor delivers a grounded performance as clark an ordinary man struggling to hold his life together until he stumbles upon the extradimensional space that manifests as a warped photocopy of his deteriorating world the mythology surrounding backrooms feels as vast and infinite as the labyrinth itself is it meant to be fully understood maybe not but that uncertainty is what makes the film captivating rather than offering answers backrooms invites audiences to lose themselves in the unsettling wonder of the unknown the journey is impossible to forget,negative,0
backrooms,"I really like this movie it was jump scares, and just the perfect type of scary movie for teenagers my age. I would definitely watch it again and I really wish it was a part two.",i really like this movie it was jump scares and just the perfect type of scary movie for teenagers my age i would definitely watch it again and i really wish it was a part two,positive,1
backrooms,"Filmed like a Blair Witch movie but so incredibly boring. I kept waiting for something to happen or for any single bit of information that we were shown to be explained, but… Nothing. I fell asleep for the last five minutes, but that’s okay because it didn’t make any difference at all. Smart for the creator to get such a YouTube following to come and see it with such a small budget. Other than that, it was just not good at all.",filmed like a blair witch movie but so incredibly boring i kept waiting for something to happen or for any single bit of information that we were shown to be explained but nothing i fell asleep for the last five minutes but thats okay because it didnt make any difference at all smart for the creator to get such a youtube following to come and see it with such a small budget other than that it was just not good at all,negative,0
backrooms,So many questions unanswered.,so many questions unanswered,positive,1
backrooms,It was boring as hell!!,it was boring as hell,negative,0
backrooms,What a waste of time.,what a waste of time,negative,0
backrooms,"The concept of endless, haphazard spaces where you can't find your way out and get chased...that's great. But it goes so hard into the subconscious and therapy land that it doesn't make any sense.",the concept of endless haphazard spaces where you cant find your way out and get chasedthats great but it goes so hard into the subconscious and therapy land that it doesnt make any sense,negative,0
backrooms,"It takes a lot of thought, but in doing so you get a great appreciation of the movie. The horror was tense and palpable, and maybe a little more clarification would've helped out general audiences. Overall enjoyed 👍",it takes a lot of thought but in doing so you get a great appreciation of the movie the horror was tense and palpable and maybe a little more clarification wouldve helped out general audiences overall enjoyed,positive,1
backrooms,"It was alright. Definitely worth the watch but I wouldn’t pay to see it because honestly it was boring. It was 2 hours but all the plot and interesting stuff could’ve fit into 1 hour, and it just wasn’t very scary. There was so much buildup time just for some mildly scary scenes. The only reason it gets 1 and a half stars is because the concept was interesting.",it was alright definitely worth the watch but i wouldnt pay to see it because honestly it was boring it was hours but all the plot and interesting stuff couldve fit into hour and it just wasnt very scary there was so much buildup time just for some mildly scary scenes the only reason it gets and a half stars is because the concept was interesting,positive,1
obsession_2025,"Presents a disastrous hocus-pocus relationship in the most disturbing, horrific way. Great thriller",presents a disastrous hocuspocus relationship in the most disturbing horrific way great thriller,negative,0
obsession_2025,"Absolutely love this film, they combined elements from New age Horror and the classic horror of you can run but you cannot hide, impending doom, they didn't overdo it with the jump scares which is honestly a cherry on top, and I caught that poetic reference at the very end, an absolute masterpiece!",absolutely love this film they combined elements from new age horror and the classic horror of you can run but you cannot hide impending doom they didnt overdo it with the jump scares which is honestly a cherry on top and i caught that poetic reference at the very end an absolute masterpiece,positive,1
obsession_2025,Good but tooooooooooooooooooo scary at end,good but tooooooooooooooooooo scary at end,positive,1
obsession_2025,"I really liked this! I was shocked when I saw who the director was, having seen his sketches on YouTube. I thought the dark humor was funny, and the scary stuff was fun too! I would absolutely watch this again, and I would recommend it! It’s definitely one of the better movies I have seen, which I am surprised to say! Great story, acting was pretty good, and I was compelled by the whole thing",i really liked this i was shocked when i saw who the director was having seen his sketches on youtube i thought the dark humor was funny and the scary stuff was fun too i would absolutely watch this again and i would recommend it its definitely one of the better movies i have seen which i am surprised to say great story acting was pretty good and i was compelled by the whole thing,positive,1
obsession_2025,"Omg this movie it’s crazy….. like so good. Jump scares suspense, craziness terror. Omg traumatize!!!",omg this movie its crazy like so good jump scares suspense craziness terror omg traumatize,positive,1
obsession_2025,"Very good, I was sacred 🥺",very good i was sacred,positive,1
obsession_2025,Best horror movie I’ve ever watched in my life! Already seen it twice in theaters plan on a third time! Curry Baker did a great job with the storytelling of this movie. Inde Navarette deserves an Oscar for her performance as Nikki! Movie of the year! Every point in this movie had me on the edge of my seat. Love it!!!,best horror movie ive ever watched in my life already seen it twice in theaters plan on a third time curry baker did a great job with the storytelling of this movie inde navarette deserves an oscar for her performance as nikki movie of the year every point in this movie had me on the edge of my seat love it,positive,1
obsession_2025,Slow and very boring had its mom but don’t see what all the hype was,slow and very boring had its mom but dont see what all the hype was,negative,0
obsession_2025,I need a Refund because the movie was canceled,i need a refund because the movie was canceled,neutral,2
obsession_2025,Absolutely Magnificent I totally recommend to everyone what a masterpiece,absolutely magnificent i totally recommend to everyone what a masterpiece,positive,1
hokum,"It's like an amalgamation of the Shining, 1408 and Insidious. Decent movie, but nothing really exciting or noteworthy in my opinion. I like Adam Scott and the hotel atmosphere is ok, but just kind of slow and didn't hit the mark with me.",its like an amalgamation of the shining and insidious decent movie but nothing really exciting or noteworthy in my opinion i like adam scott and the hotel atmosphere is ok but just kind of slow and didnt hit the mark with me,positive,1
hokum,"Nowhere near as good as Oddity. It has style and atmosphere, but the story feels undercooked. Honestly, the film‑within‑the‑film that frames the whole thing seemed far more compelling — I found myself wishing that were the actual movie.",nowhere near as good as oddity it has style and atmosphere but the story feels undercooked honestly the filmwithinthefilm that frames the whole thing seemed far more compelling i found myself wishing that were the actual movie,positive,1
hokum,"A good movie for afternoon TV. I have zero clue why it has such specifically high ratings. Honestly it's probably because of the cast. Nothing wrong with it, but it was literally just one of those b grade movies you would watch on a day off school. There is something wrong /corrupt about this website. The ratings are falsely high. Genre... Its suspense, not really horror.",a good movie for afternoon tv i have zero clue why it has such specifically high ratings honestly its probably because of the cast nothing wrong with it but it was literally just one of those b grade movies you would watch on a day off school there is something wrong corrupt about this website the ratings are falsely high genre its suspense not really horror,positive,1
hokum,"Hokum is an atmospheric horror/mystery with a great, fail-proof setting - an old haunted hotel around Halloween. Even a marginal story or execution is likely to do ok with that Shining/1408 backdrop. Unfortunately, that’s what we get with Hokum. This is the third horror/mystery by the director of Caveat and Oddity, and I feel both of those films are superior to Hokum. Part of the problem is how unlikable the main character is. Much like in The Shining and 1408, he’s a troubled writer who drinks and must confront his past and his demons at the hotel. But the mystery of what happens to the missing girl isn’t all that mysterious, and has little or nothing to do with him. Great movies stay with you and leave you thinking about the meaning or how they end. After Hokum I could barely remember how it ended or why the hotel was haunted at all. Maybe I need a second viewing. But both Caveat and Oddity had a more focused story, with better characters.",hokum is an atmospheric horrormystery with a great failproof setting an old haunted hotel around halloween even a marginal story or execution is likely to do ok with that shining backdrop unfortunately thats what we get with hokum this is the third horrormystery by the director of caveat and oddity and i feel both of those films are superior to hokum part of the problem is how unlikable the main character is much like in the shining and hes a troubled writer who drinks and must confront his past and his demons at the hotel but the mystery of what happens to the missing girl isnt all that mysterious and has little or nothing to do with him great movies stay with you and leave you thinking about the meaning or how they end after hokum i could barely remember how it ended or why the hotel was haunted at all maybe i need a second viewing but both caveat and oddity had a more focused story with better characters,positive,1
hokum,"I've felt that this film is unfortunately overrated. It had great ingredients to make a great film, but I feel it falls short of its potential. The script and the editing in particular don't have the grace that a horror film needs to immerse you into its atmosphere.",ive felt that this film is unfortunately overrated it had great ingredients to make a great film but i feel it falls short of its potential the script and the editing in particular dont have the grace that a horror film needs to immerse you into its atmosphere,positive,1
hokum,"Supernatural thriller, with twists and turns that don't really go anywhere except predictable places. Jump scares and disturbing atmosphere (at times) save this from being a one star movie. The protagonist is a complete dick until the final act.",supernatural thriller with twists and turns that dont really go anywhere except predictable places jump scares and disturbing atmosphere at times save this from being a one star movie the protagonist is a complete dick until the final act,negative,0
hokum,It’s not a haunting movie. It’s a psychological drama with a splash of horror. Overrated and lacklustre.,its not a haunting movie its a psychological drama with a splash of horror overrated and lacklustre,neutral,2
hokum,"Hokum prides itself on its atmosphere, but lacks dimension, profound characters and design in the way its characters move through the world. They simply exist, moving in a videogame-like manner, as if controlled from outside and operating automatically. There is no intriguing element to make you care about them, particularly the empty and cynical protagonist. The haunted motif of one of the victims' voice recorders is a missed chance to create an appealing connection to the past. The second part of the film grabs your interest, but the mystery and horror quickly evaporate as there is no depth.",hokum prides itself on its atmosphere but lacks dimension profound characters and design in the way its characters move through the world they simply exist moving in a videogamelike manner as if controlled from outside and operating automatically there is no intriguing element to make you care about them particularly the empty and cynical protagonist the haunted motif of one of the victims voice recorders is a missed chance to create an appealing connection to the past the second part of the film grabs your interest but the mystery and horror quickly evaporate as there is no depth,negative,0
hokum,"Not bad, best screamer",not bad best screamer,positive,1
hokum,"After dropping the ball near the end of 2024's Oddity, Hokum solidifies McCarthy as a director with great technical expertise, in great need of a decent writer. While the film looks and sounds impressive, with moody sets and suspenseful camera angles, the script is so chunky and poorly stitched together that it borders on sophomoric, and the jump-scares never manage to be the least bit scary.",after dropping the ball near the end of s oddity hokum solidifies mccarthy as a director with great technical expertise in great need of a decent writer while the film looks and sounds impressive with moody sets and suspenseful camera angles the script is so chunky and poorly stitched together that it borders on sophomoric and the jumpscares never manage to be the least bit scary,positive,1
pressure_2026,It emphasized the immense gravity of decisions made where stakes were the lives of millions and the imminence of world order. Andrew Scott really depicts to life a stern professional meteorologist with absolute focus and dedication to his profession. The film did a great job showing a facade of the Allied forces preparing for D-Day.,it emphasized the immense gravity of decisions made where stakes were the lives of millions and the imminence of world order andrew scott really depicts to life a stern professional meteorologist with absolute focus and dedication to his profession the film did a great job showing a facade of the allied forces preparing for dday,positive,1
pressure_2026,As good as Imitation game,as good as imitation game,positive,1
pressure_2026,Slow starter but great finish.,slow starter but great finish,positive,1
pressure_2026,"Learned things I never knew about WW2, enjoyable movie.",learned things i never knew about ww enjoyable movie,positive,1
pressure_2026,Great story. Historically accurate. Excellent acting and direction. Thank you for entertaining me!,great story historically accurate excellent acting and direction thank you for entertaining me,positive,1
pressure_2026,"Brendan Fraser was incredible as Eisenhower. The film was very moving, intense and taught us something we didn’t know. This is a must see!",brendan fraser was incredible as eisenhower the film was very moving intense and taught us something we didnt know this is a must see,positive,1
pressure_2026,"Wow great acting, wonderful way to tell this story and I learned some things! Must see!",wow great acting wonderful way to tell this story and i learned some things must see,positive,1
pressure_2026,Great story and acting,great story and acting,positive,1
pressure_2026,Very well made movie,very well made movie,positive,1
pressure_2026,Great story with real emotion and historical context. Must see!,great story with real emotion and historical context must see,positive,1
star_wars_the_mandalorian_and_grogu,"Fun movie, I don’t know why people are hating on it so much. Just a fun time in the theatre. Ludwig’s movie score is incredible as well",fun movie i dont know why people are hating on it so much just a fun time in the theatre ludwigs movie score is incredible as well,positive,1
star_wars_the_mandalorian_and_grogu,"Nice mix of story telling,action, cuteness and comedy.",nice mix of story tellingaction cuteness and comedy,positive,1
star_wars_the_mandalorian_and_grogu,was ok they could done another more with the story. it was like watching 4 episodes in one sitting,was ok they could done another more with the story it was like watching episodes in one sitting,positive,1
star_wars_the_mandalorian_and_grogu,"Good action, solid graphics and good acting. Very entertaining. Lots of strange creatures and plants.",good action solid graphics and good acting very entertaining lots of strange creatures and plants,positive,1
star_wars_the_mandalorian_and_grogu,Grogu was very cute and the movie was good not great. We felt there were just too many fight scenes. Also some of the computer generated work was too obvious and not edited enough.,grogu was very cute and the movie was good not great we felt there were just too many fight scenes also some of the computer generated work was too obvious and not edited enough,positive,1
star_wars_the_mandalorian_and_grogu,It was a very good movie with tons of action and nice comic relief. The first half had much more good parts than the second half did.,it was a very good movie with tons of action and nice comic relief the first half had much more good parts than the second half did,positive,1
star_wars_the_mandalorian_and_grogu,"Unnecessary, the second half is boring. Great visuals, great first half. Atrocious acting",unnecessary the second half is boring great visuals great first half atrocious acting,negative,0
star_wars_the_mandalorian_and_grogu,"While I appreciate the fairly family friendly nature of the film, it had a terrible script and dialogue. What’s wrong with movie writing these days? And who talks about catching the bad guys in Star Wars? Lines just felt cheesy. I lost it with the huts rolling around on the ground. Disney somehow has messed up with Star Wars once again",while i appreciate the fairly family friendly nature of the film it had a terrible script and dialogue whats wrong with movie writing these days and who talks about catching the bad guys in star wars lines just felt cheesy i lost it with the huts rolling around on the ground disney somehow has messed up with star wars once again,negative,0
star_wars_the_mandalorian_and_grogu,"This movie is probably the best Star wars project I’ve seen since Rouge one a Star Wars story, Mandalordian and grogu has a lot of great action sequences and plenty of cute grogu moments but the movie feels like four episodes of the mandalordian stitched together and the story is forgettable but the action sequences are great especially the opening sequence with the at-at walker on the cliff and they were able to still have the mandalordian be one of the coolest characters in Star Wars and all of grogu’s scenes are very adorable overall mandalordian and grogu is a movie with awesome action sequences and cut moments but it’s held back by a forgettable story and it feeling like a long episode of the mandalordian 7/10",this movie is probably the best star wars project ive seen since rouge one a star wars story mandalordian and grogu has a lot of great action sequences and plenty of cute grogu moments but the movie feels like four episodes of the mandalordian stitched together and the story is forgettable but the action sequences are great especially the opening sequence with the atat walker on the cliff and they were able to still have the mandalordian be one of the coolest characters in star wars and all of grogus scenes are very adorable overall mandalordian and grogu is a movie with awesome action sequences and cut moments but its held back by a forgettable story and it feeling like a long episode of the mandalordian,positive,1
star_wars_the_mandalorian_and_grogu,"I loved everything about this film. Action and humour set in the Star Wars universe. The Huts were awesome villains and it was excellent to see more of their culture. Grogu continues to entertain and astound while The Mandalorian himself is just so cool, like Clint Eastwood cool. Pure entertainment at its finest.",i loved everything about this film action and humour set in the star wars universe the huts were awesome villains and it was excellent to see more of their culture grogu continues to entertain and astound while the mandalorian himself is just so cool like clint eastwood cool pure entertainment at its finest,positive,1
project_hail_mary,Best movie of the year so far!!,best movie of the year so far,positive,1
project_hail_mary,"Project Hail Mary was everything I hoped for and more. In a time when so many sci-fi movies feel repetitive, this one delivered a genuinely unique story that kept me invested from start to finish. What surprised me most was how much heart the movie had. It’s not just about space, science, or saving the world—it’s about friendship, hope, and doing the right thing even when the odds seem impossible. The emotional moments felt earned, and by the end I found myself genuinely moved. The story is clever, engaging, and filled with a sense of wonder that reminded me why I love science fiction in the first place. Critics and audiences have praised its mix of heart, humor, and optimism, and I completely understand why. Many reviews describe it as a crowd-pleasing adventure with real emotion, and that’s exactly how it felt to me. This is the kind of movie that leaves you feeling good when the credits roll. Smart, emotional, funny, and unforgettable. Rating: 9/10",project hail mary was everything i hoped for and more in a time when so many scifi movies feel repetitive this one delivered a genuinely unique story that kept me invested from start to finish what surprised me most was how much heart the movie had its not just about space science or saving the worldits about friendship hope and doing the right thing even when the odds seem impossible the emotional moments felt earned and by the end i found myself genuinely moved the story is clever engaging and filled with a sense of wonder that reminded me why i love science fiction in the first place critics and audiences have praised its mix of heart humor and optimism and i completely understand why many reviews describe it as a crowdpleasing adventure with real emotion and thats exactly how it felt to me this is the kind of movie that leaves you feeling good when the credits roll smart emotional funny and unforgettable rating,positive,1
project_hail_mary,The blending of movie genres has gone too far.,the blending of movie genres has gone too far,positive,1
project_hail_mary,This has to be in my top 5 favorite movies. It was made perfectly.,this has to be in my top favorite movies it was made perfectly,positive,1
project_hail_mary,A more family friendly and happy version of interstellar genre movie Overall very wholesome and creative!!,a more family friendly and happy version of interstellar genre movie overall very wholesome and creative,positive,1
project_hail_mary,Easily the best film in 2026. I saw this film in IMAX. It was a great experience.,easily the best film in i saw this film in imax it was a great experience,positive,1
project_hail_mary,"I don't know why this got rave reviews. I was expecting something similar to The Martian (same author), but instead I got Airplane! in space. The jokes are terrible, they don't land, and they're not delivered well. There are too many of them- it's almost slapstick, especially in the first half of the movie. The ideas in the movie are really good- astrophage and all that. The premise is fun- one man to save the planet while sacrificing himself (not breaking new ground, but I'm here for it). Visually very nice. In Arrival, the method by which she learned to communicate with the aliens was a little contrived, but it was enough to suspend disbelief. Here, the alien learns an incredible English vocabulary (including slang) miraculously. We are shown how Grace learns the alien's language, but not how Rocky learns to understand English. I was kindof bored. The whole thing is mediocre at best and the tone is just wrong. I guess the bar is low for a blockbuster these days.",i dont know why this got rave reviews i was expecting something similar to the martian same author but instead i got airplane in space the jokes are terrible they dont land and theyre not delivered well there are too many of them its almost slapstick especially in the first half of the movie the ideas in the movie are really good astrophage and all that the premise is fun one man to save the planet while sacrificing himself not breaking new ground but im here for it visually very nice in arrival the method by which she learned to communicate with the aliens was a little contrived but it was enough to suspend disbelief here the alien learns an incredible english vocabulary including slang miraculously we are shown how grace learns the aliens language but not how rocky learns to understand english i was kindof bored the whole thing is mediocre at best and the tone is just wrong i guess the bar is low for a blockbuster these days,positive,1
project_hail_mary,"Truly terrible. A huge let down from Phil Lord and Christopher Miller. Impossible to get invested in the quip machines that are the characters in this film. It masquerades as a science fiction epic. In actuality, it is a weak buddy film set in space, with hilariously poor grounding in reality - a departure from the book, and the superbly directed The Martian. Very disappointed after hearing good things. Cannot recommend. Much better experiences of the same themes in the form of Arrival and Interstellar.",truly terrible a huge let down from phil lord and christopher miller impossible to get invested in the quip machines that are the characters in this film it masquerades as a science fiction epic in actuality it is a weak buddy film set in space with hilariously poor grounding in reality a departure from the book and the superbly directed the martian very disappointed after hearing good things cannot recommend much better experiences of the same themes in the form of arrival and interstellar,negative,0
project_hail_mary,"beautiful book, and they did a great job putting into a movie. i finished the book a day before watching and i STILL cried and witnessed all the tension it was amazing :))",beautiful book and they did a great job putting into a movie i finished the book a day before watching and i still cried and witnessed all the tension it was amazing,positive,1
project_hail_mary,"A very surprisingly entertaining movie I was well impressed with everything, Ryan played this role so good 10/10 I enjoyed every bit of this movie.",a very surprisingly entertaining movie i was well impressed with everything ryan played this role so good i enjoyed every bit of this movie,positive,1
the_amazing_digital_circus_the_last_act,The pacing was way too fast but it was understandable. Only criticism is Jaxs abstraction happening off screen.,the pacing was way too fast but it was understandable only criticism is jaxs abstraction happening off screen,positive,1
the_amazing_digital_circus_the_last_act,Amazing amazing life changing finale to my favorite show ever. Some of the pacing was a little fast but other than that it was fantastic.,amazing amazing life changing finale to my favorite show ever some of the pacing was a little fast but other than that it was fantastic,positive,1
the_amazing_digital_circus_the_last_act,Amazing!! Definitely worth seeing in theatre,amazing definitely worth seeing in theatre,positive,1
the_amazing_digital_circus_the_last_act,The first part is just the 8th episode while the rest made me feel,the first part is just the th episode while the rest made me feel,positive,1
the_amazing_digital_circus_the_last_act,I kept up with the show and wached it with people and some of them havent kept up with the show and we were all emotionally moved we all loved it,i kept up with the show and wached it with people and some of them havent kept up with the show and we were all emotionally moved we all loved it,positive,1
the_amazing_digital_circus_the_last_act,"Great animation, Good music, bad dialogue, garbage ending, and abysmal writing. That is all I have to say about this finale.",great animation good music bad dialogue garbage ending and abysmal writing that is all i have to say about this finale,positive,1
the_amazing_digital_circus_the_last_act,Loved getting to see something unique and animated in theaters! I really hope more indie projects like this get put on the big screen to enjoy!,loved getting to see something unique and animated in theaters i really hope more indie projects like this get put on the big screen to enjoy,positive,1
the_amazing_digital_circus_the_last_act,"Amazing movie, will wait for it's youtube release. The theatre experience wasn't good, it seems a lot of the fans don't know how to act in a movie :/",amazing movie will wait for its youtube release the theatre experience wasnt good it seems a lot of the fans dont know how to act in a movie,positive,1
the_amazing_digital_circus_the_last_act,It was the finale of Tadc and the last we would see about it.,it was the finale of tadc and the last we would see about it,neutral,2
the_amazing_digital_circus_the_last_act,"Amazing movie, good ending, character development, did better than scary movie",amazing movie good ending character development did better than scary movie,positive,1
office_romance,"Really liked it. It's a no brainer, loved all the characters. Ok it formulaic, but still fun",really liked it its a no brainer loved all the characters ok it formulaic but still fun,positive,1
office_romance,Most awful movie turned off by like minute 10,most awful movie turned off by like minute,negative,0
office_romance,"This film made me so sad. I had low expectations after reading reviews, but it was even worse than I feared. I’m a huge fan of Brett Goldstein as an actor and writer, and I know he can play a great romantic lead, but not here. All of You was just brilliant and heartbreaking, and I watched it at least 5 times. I found it hard to reconcile that Office Romance came from the same source. What a cringeworthy script and giant waste of talent, from the leads to the supporting cast (Amy Sedaris and Betty Gilpin tried valiantly but couldn’t rescue this mess). It was lame and crude and lacked any suspense and was just wretched from start to finish.",this film made me so sad i had low expectations after reading reviews but it was even worse than i feared im a huge fan of brett goldstein as an actor and writer and i know he can play a great romantic lead but not here all of you was just brilliant and heartbreaking and i watched it at least times i found it hard to reconcile that office romance came from the same source what a cringeworthy script and giant waste of talent from the leads to the supporting cast amy sedaris and betty gilpin tried valiantly but couldnt rescue this mess it was lame and crude and lacked any suspense and was just wretched from start to finish,negative,0
office_romance,Followed the formula of old school romance… but plot and character chemistry was non existent..effort was there but didn’t feel authentic and Jeffifer Lopez loves herself too much to be relatable,followed the formula of old school romance but plot and character chemistry was non existenteffort was there but didnt feel authentic and jeffifer lopez loves herself too much to be relatable,positive,1
office_romance,"Oof. I'm pretty sure Ted Lasso would have asked all of you to take a lap. Please leave bad slapstick, horrible writing and fake chemistry to AI.",oof im pretty sure ted lasso would have asked all of you to take a lap please leave bad slapstick horrible writing and fake chemistry to ai,negative,0
office_romance,First time I watched it I thought it was ok. The next day I found myself wanting to rewatch it and really enjoyed it. I missed so many of the jokes the first time around. Jennifer Lopez is the queen of a romcom for a reason. Would recommend.,first time i watched it i thought it was ok the next day i found myself wanting to rewatch it and really enjoyed it i missed so many of the jokes the first time around jennifer lopez is the queen of a romcom for a reason would recommend,positive,1
office_romance,"I really was enjoying this movie, then it started turning sour. I beleive they were trying for a more mature Hallmark movie but overshot the adult material. The office scene where they shook hands and he got excited was a bit funny but unnecessary. The birthing scene was shocking once and then over the top the second time. These aspects in another movie like a dramady might work but just didn't fit in a romcom. Perhaps comedic to some, but not romantic at all. I would be interested in seeing a UK perspective, perhaps I just don't get the British humor...",i really was enjoying this movie then it started turning sour i beleive they were trying for a more mature hallmark movie but overshot the adult material the office scene where they shook hands and he got excited was a bit funny but unnecessary the birthing scene was shocking once and then over the top the second time these aspects in another movie like a dramady might work but just didnt fit in a romcom perhaps comedic to some but not romantic at all i would be interested in seeing a uk perspective perhaps i just dont get the british humor,positive,1
office_romance,"Absolutely disgusting. Saw a scene of this woman giving birth, nothing was covered. I can't unsee this crap now. Do not watch if you hate seeing people giving birth like you were at an hospital, because you see it twice! The name is very misleading, there is no romance in this movie. The industry is doing verrrryy bad, I saw many great actors and how awful they could not find better!",absolutely disgusting saw a scene of this woman giving birth nothing was covered i cant unsee this crap now do not watch if you hate seeing people giving birth like you were at an hospital because you see it twice the name is very misleading there is no romance in this movie the industry is doing verrrryy bad i saw many great actors and how awful they could not find better,negative,0
office_romance,1 star. Because nobody in the entire universe asked for this.,star because nobody in the entire universe asked for this,neutral,2
office_romance,"I love Jennifer Lopez, it was a cute movie, really liked it. I am shocked that the rating doesn’t reflect how good I thought it was. If you love romance shows, it’s def a good one to watch",i love jennifer lopez it was a cute movie really liked it i am shocked that the rating doesnt reflect how good i thought it was if you love romance shows its def a good one to watch,positive,1
disclosure_day,"Yikes. That was a dated, plot hole ridden long 2 1/2 hour ride.",yikes that was a dated plot hole ridden long hour ride,negative,0
disclosure_day,I really enjoyed the movie. It took me on a journey that was interesting and unique. Steven Spielberg is a master storyteller and filmmaker.,i really enjoyed the movie it took me on a journey that was interesting and unique steven spielberg is a master storyteller and filmmaker,positive,1
disclosure_day,"Simply awful. What happened to the sweet tone of Spielberg's movies? It's sure disappeared in this one. And it's overly long also. 2 hours and 25 minutes with the first hour a mishmosh of setting the stage for later, which could have been done in 20 minutes. Do yourself a favor and don't let Spielberg's reputation and past movies lure you to this one. It has no heart like his prior movies you've seen. A lot of people will waste a lot of time attending this one, based on Spielberg's previous movies and his reputation. DON'T LET YOURSELF BE ONE OF THEM! You've been warned....",simply awful what happened to the sweet tone of spielbergs movies its sure disappeared in this one and its overly long also hours and minutes with the first hour a mishmosh of setting the stage for later which could have been done in minutes do yourself a favor and dont let spielbergs reputation and past movies lure you to this one it has no heart like his prior movies youve seen a lot of people will waste a lot of time attending this one based on spielbergs previous movies and his reputation dont let yourself be one of them youve been warned,negative,0
disclosure_day,Amazing all the way through ❤️‍🔥,amazing all the way through,positive,1
disclosure_day,"Plot was weak, over dramatic music. Emily blunt is a good actor but I think she was miscast",plot was weak over dramatic music emily blunt is a good actor but i think she was miscast,negative,0
disclosure_day,"awesome movie! my favorite of the year, really makes you think outside the box",awesome movie my favorite of the year really makes you think outside the box,positive,1
disclosure_day,"I loved this movie! great story, great characters... so good",i loved this movie great story great characters so good,positive,1
disclosure_day,Dragged on. Overly dramatic. Bad writing. Unnecessary scenes. Misogynistic. Some strange religious themes. Many plot points unanswered. Character’s have no identity. Don’t watch this.,dragged on overly dramatic bad writing unnecessary scenes misogynistic some strange religious themes many plot points unanswered characters have no identity dont watch this,negative,0
disclosure_day,Entertaining. It reminded me of Close Encounters but a more intense storyline.,entertaining it reminded me of close encounters but a more intense storyline,positive,1
disclosure_day,"Most of this movie was very action packed. Kept my attention going through out the movie, that was not a problem. The two main characters were so good. I enjoyed the plot of this movie. Listen. No fear induced. We are not alone in our galaxy.",most of this movie was very action packed kept my attention going through out the movie that was not a problem the two main characters were so good i enjoyed the plot of this movie listen no fear induced we are not alone in our galaxy,positive,1
disclosure_day,It’s eye opening and remember the name of cases. Those are real incidents,its eye opening and remember the name of cases those are real incidents,positive,1
the_breadwinner_2026,as a daddy of 4 I could relate. Over the top but very funny.,as a daddy of i could relate over the top but very funny,positive,1
the_breadwinner_2026,"A great comedian delivers a mediocre performance of a terrible script. Nate’s deadpan delivery does not play well in a movie. The script was entirely predictable, emotionally empty, and tried too hard to be clever. This is a 2-star movie but I love Nate Bargatze’s stand up too much to give him 2-stars.",a great comedian delivers a mediocre performance of a terrible script nates deadpan delivery does not play well in a movie the script was entirely predictable emotionally empty and tried too hard to be clever this is a star movie but i love nate bargatzes stand up too much to give him stars,negative,0
the_breadwinner_2026,"I enjoyed it very much. Some of the jokes felt forced, but that didn’t stop me from laughing. Plesantly surprised",i enjoyed it very much some of the jokes felt forced but that didnt stop me from laughing plesantly surprised,positive,1
the_breadwinner_2026,Excellent family movie! Took the grandkids and they enjoyed it also!,excellent family movie took the grandkids and they enjoyed it also,positive,1
the_breadwinner_2026,"It gives off nice Mr. Mom vibes, but separates it by bringing its own brand of comedy. Good, heart warming comedy.",it gives off nice mr mom vibes but separates it by bringing its own brand of comedy good heart warming comedy,positive,1
the_breadwinner_2026,The movie was great. The actors were memorable and the comedic timing was impeccable.,the movie was great the actors were memorable and the comedic timing was impeccable,positive,1
the_breadwinner_2026,Excellent! Family friendly! A delight! Funny!,excellent family friendly a delight funny,positive,1
the_breadwinner_2026,wonderful movie. a lot of good scenes in here. I like the main actor the dad. cool guy. good story.,wonderful movie a lot of good scenes in here i like the main actor the dad cool guy good story,positive,1
the_breadwinner_2026,Loved this movie! Good clean fun. My wife and I laughed a lot. Loved seeing all of the Nateland Easter eggs! Hey Bear!,loved this movie good clean fun my wife and i laughed a lot loved seeing all of the nateland easter eggs hey bear,positive,1
the_breadwinner_2026,"A good story line, funny and family",a good story line funny and family,positive,1
michael,I’m watching a concert?,im watching a concert,neutral,2
michael,"Michael was a very enjoyable movie and one of the better music biopics I’ve seen. The performances were excellent, especially Jaafar Jackson, who captured Michael’s look, energy, and stage presence in a way that never felt like an impersonation. The music sequences were easily the highlight of the film and reminded me why Michael Jackson became one of the biggest entertainers in history. Many audience reviews praised these performances and the emotional connection to the music, and I felt the same way. My only real complaint is that I wanted even more of those musical moments. Every time the movie recreated an iconic performance or focused on the creative process behind the songs, it was at its best. I found myself wishing the film spent more time there. Overall, Michael is emotional, entertaining, and a great celebration of the King of Pop’s legacy. It left me smiling, singing the songs afterward, and wanting more. Rating: 8.5/10",michael was a very enjoyable movie and one of the better music biopics ive seen the performances were excellent especially jaafar jackson who captured michaels look energy and stage presence in a way that never felt like an impersonation the music sequences were easily the highlight of the film and reminded me why michael jackson became one of the biggest entertainers in history many audience reviews praised these performances and the emotional connection to the music and i felt the same way my only real complaint is that i wanted even more of those musical moments every time the movie recreated an iconic performance or focused on the creative process behind the songs it was at its best i found myself wishing the film spent more time there overall michael is emotional entertaining and a great celebration of the king of pops legacy it left me smiling singing the songs afterward and wanting more rating,positive,1
michael,"For someone who was never able to see MJ live, i love this movie. GREAT work.",for someone who was never able to see mj live i love this movie great work,positive,1
michael,Americans don't know what clichéd means,americans dont know what clichd means,neutral,2
michael,10/10 no words amzing storytelling,no words amzing storytelling,neutral,2
michael,Great expo to see the God of music and dance on the silver screen!,great expo to see the god of music and dance on the silver screen,positive,1
michael,Excellent! My entire family loved this movie.,excellent my entire family loved this movie,positive,1
michael,Definitely worth spending the money and time with my family,definitely worth spending the money and time with my family,positive,1
michael,"The music and concert scenes were amazing, but I would've liked to see the movie go more in depth into michael as a person.",the music and concert scenes were amazing but i wouldve liked to see the movie go more in depth into michael as a person,positive,1
michael,"I was around when Michael was breaking out from the Jackson 5, but was never a big fan. My wife took me to see Michael and I was amazed at how good the film was and how it filled in some of the gaps. Do yourself a favor and go see this movie.",i was around when michael was breaking out from the jackson but was never a big fan my wife took me to see michael and i was amazed at how good the film was and how it filled in some of the gaps do yourself a favor and go see this movie,positive,1
the_perfect_neighbor_2025,"The Perfect Neighbor is a devastating documentary about preventable tragedy, institutional hesitation and the violence of warning signs ignored. Geeta Gandbhir builds the film from real recordings and body cam footage, removing narration so the evidence unfolds with cold clarity. Its power lies in repetition. Calls, minor conflicts and attempts to calm the situation accumulate until what once seemed manageable reveals itself as dangerous. The film shows how tragedy can grow not from invisibility, but from a failure to treat visible escalation with urgency. What remains is not only grief, but frustration at everything that was not done when intervention was still possible. The documentary offers no comfort. Justice may arrive, but it cannot repair the life already lost or erase the systems that allowed danger to become normal.",the perfect neighbor is a devastating documentary about preventable tragedy institutional hesitation and the violence of warning signs ignored geeta gandbhir builds the film from real recordings and body cam footage removing narration so the evidence unfolds with cold clarity its power lies in repetition calls minor conflicts and attempts to calm the situation accumulate until what once seemed manageable reveals itself as dangerous the film shows how tragedy can grow not from invisibility but from a failure to treat visible escalation with urgency what remains is not only grief but frustration at everything that was not done when intervention was still possible the documentary offers no comfort justice may arrive but it cannot repair the life already lost or erase the systems that allowed danger to become normal,negative,0
the_perfect_neighbor_2025,Really troubling documentary to watch. Not a feelgood time by any stretch but man as you watch the story unfold you just get more tense (and frustrated) by the second.,really troubling documentary to watch not a feelgood time by any stretch but man as you watch the story unfold you just get more tense and frustrated by the second,negative,0
the_perfect_neighbor_2025,This story NEEDED to be shared with the world! I’ve never felt so affected and moved by a documentary. I really hope all the families who were affected by this tragedy are doing fine now. What a loss and what a mind blowing crazy story. Thank you for sharing this with the world. I definitely recommend this documentary!,this story needed to be shared with the world ive never felt so affected and moved by a documentary i really hope all the families who were affected by this tragedy are doing fine now what a loss and what a mind blowing crazy story thank you for sharing this with the world i definitely recommend this documentary,positive,1
the_perfect_neighbor_2025,"This will make you pause and really evaluate so much about racism, the right to bear arms, and who should and shouldn't be able to hold a gun license. This documentary tells the story so well and you keep thinking ""that didn't just happen."" Yet it did and changed so many lives forever.",this will make you pause and really evaluate so much about racism the right to bear arms and who should and shouldnt be able to hold a gun license this documentary tells the story so well and you keep thinking that didnt just happen yet it did and changed so many lives forever,positive,1
the_perfect_neighbor_2025,"I watched The Perfect Neighbor and it really stuck with me. What starts as an ordinary neighborhood conflict slowly becomes tense and unsettling. The real-life footage makes everything feel incredibly personal and heartbreaking. It's not an easy watch, but it's a powerful documentary that stayed on my mind long after it ended.",i watched the perfect neighbor and it really stuck with me what starts as an ordinary neighborhood conflict slowly becomes tense and unsettling the reallife footage makes everything feel incredibly personal and heartbreaking its not an easy watch but its a powerful documentary that stayed on my mind long after it ended,positive,1
the_perfect_neighbor_2025,"A deep insight into our world, very beautifully done.",a deep insight into our world very beautifully done,positive,1
the_perfect_neighbor_2025,powerful documentary about racism and stand your ground laws. I truly believe that had it not been for the journalism and activism surrounding this case that she would have been cleared of the charges.,powerful documentary about racism and stand your ground laws i truly believe that had it not been for the journalism and activism surrounding this case that she would have been cleared of the charges,positive,1
the_perfect_neighbor_2025,"Intriguing and deeply heartbreaking. I wasn’t expecting a found footage-style film at the Oscars, and that immediately caught me off guard in a good way. The first hour leaves me cold — not bored, just emotionally detached. But everything changes once the dramatic climax arrives. Suddenly, I’m fully invested in the moral and ethical debates Gandbhir presents, constantly questioning who is right and what I would do in that situation. By the end, the film completely wins me over. It’s effective, emotionally devastating, and never longer or denser than it needs to be. Out of all the nominated documentaries, this was easily my favorite.",intriguing and deeply heartbreaking i wasnt expecting a found footagestyle film at the oscars and that immediately caught me off guard in a good way the first hour leaves me cold not bored just emotionally detached but everything changes once the dramatic climax arrives suddenly im fully invested in the moral and ethical debates gandbhir presents constantly questioning who is right and what i would do in that situation by the end the film completely wins me over its effective emotionally devastating and never longer or denser than it needs to be out of all the nominated documentaries this was easily my favorite,positive,1
the_perfect_neighbor_2025,It was a truly genuine and emotional experience.,it was a truly genuine and emotional experience,positive,1
the_perfect_neighbor_2025,"Engaging, if not disturbing, from start to to finish.",engaging if not disturbing from start to to finish,positive,1
in_the_grey,"With a premise that centers around a group that blurs the lines between good/bad, right/wrong, legal/criminal operations, its somewhat ironic that this entire film suffers from much the same duality. Some wonderful actors given a terrible script and equally dull performances, attempts to be slick and stylish juxtaposed with lame attempts at humour and action sequences decades behind the current standard. It has a few Guy Ritcie trademarks but carries absolutely none of the wit or charm of his earlier work. Grey is a largely dull colour, which makes it an incredibly apt title for this snoozefest",with a premise that centers around a group that blurs the lines between goodbad rightwrong legalcriminal operations its somewhat ironic that this entire film suffers from much the same duality some wonderful actors given a terrible script and equally dull performances attempts to be slick and stylish juxtaposed with lame attempts at humour and action sequences decades behind the current standard it has a few guy ritcie trademarks but carries absolutely none of the wit or charm of his earlier work grey is a largely dull colour which makes it an incredibly apt title for this snoozefest,negative,0
in_the_grey,Fun movie - very good actors - interesting plot - well done - excellent directing - I recommend this movie.,fun movie very good actors interesting plot well done excellent directing i recommend this movie,positive,1
in_the_grey,"What happened to Guy? He made so amazaing entertaining movies. And now? Have the big directors lost the connection to the audience? Is there a ""making boring movies"" flu going on?",what happened to guy he made so amazaing entertaining movies and now have the big directors lost the connection to the audience is there a making boring movies flu going on,negative,0
in_the_grey,Great film to pass time. Watch it for the quirky conversations and tight action sequences.,great film to pass time watch it for the quirky conversations and tight action sequences,positive,1
in_the_grey,Definitely must see movie. Very exiting and great Guy Ritchie type of action. Would love to see a part 2 see the continuation of this story and the characters.,definitely must see movie very exiting and great guy ritchie type of action would love to see a part see the continuation of this story and the characters,positive,1
in_the_grey,"""In the Grey"" is exactly the kind of formuliac film which indian film industry (usually called 'Bollywood') used to churn out evey two months during the 1980s and 90s. If you sit in an adjecent room and just listen to it, you will understand everything that is happening in the meaningless meshup of happenings happening on the screen. The film also proves how the Red Sea Fund is burning millions on useless projects. It also proves that so called big names like Henry Cavil, Gyllenhall and Rosamund Pike work just for money, nothing else.",in the grey is exactly the kind of formuliac film which indian film industry usually called bollywood used to churn out evey two months during the s and s if you sit in an adjecent room and just listen to it you will understand everything that is happening in the meaningless meshup of happenings happening on the screen the film also proves how the red sea fund is burning millions on useless projects it also proves that so called big names like henry cavil gyllenhall and rosamund pike work just for money nothing else,positive,1
in_the_grey,Loved this film ! Whoever marketed the film did a terrible job because the film is awesome but no one saw it,loved this film whoever marketed the film did a terrible job because the film is awesome but no one saw it,positive,1
in_the_grey,A great not thinking movie for a lazy evening.,a great not thinking movie for a lazy evening,positive,1
in_the_grey,"Quite enjoyable movie, fun and entertaining nothing special in the range of Guy Ritchie but still excellent for a night. Will i ever see it again ? probably not but made its work. Casting was top notch, maybe Eiza not so credible as master schemer but anyhow acceptable. Timing of events totally messed up without any real development of full acts, people travelling back and forth the world for their missing like only few hours went, and legal trials happening almost REAL TIME (i wish that could be actually the case !!). This film should have developed over several months (if not years) to accomplish what they went through. (half a star removed)",quite enjoyable movie fun and entertaining nothing special in the range of guy ritchie but still excellent for a night will i ever see it again probably not but made its work casting was top notch maybe eiza not so credible as master schemer but anyhow acceptable timing of events totally messed up without any real development of full acts people travelling back and forth the world for their missing like only few hours went and legal trials happening almost real time i wish that could be actually the case this film should have developed over several months if not years to accomplish what they went through half a star removed,positive,1
in_the_grey,"I really enjoyed the movie and what really swayed me to watch it, was that all the so called ""critcs"" gave it a bad review. It was action packed, and a real entertaining flick.",i really enjoyed the movie and what really swayed me to watch it was that all the so called critcs gave it a bad review it was action packed and a real entertaining flick,positive,1
power_ballad,"Literally the best movie ever, Nick Jonas acts so well, plus the soundtrack (especially Nick’s songs) is super great!!",literally the best movie ever nick jonas acts so well plus the soundtrack especially nicks songs is super great,positive,1
power_ballad,I love that Stevie Wonder rendition of I wish.,i love that stevie wonder rendition of i wish,positive,1
power_ballad,What a great movie. Paul Rudd and Nick Jonas did an incredible job. It was a enjoyable day at the movies,what a great movie paul rudd and nick jonas did an incredible job it was a enjoyable day at the movies,positive,1
power_ballad,Solid movie. A round of emotions. Would watch again.,solid movie a round of emotions would watch again,negative,0
power_ballad,Loved the story & the characters. Very likeable characters & Paul Rudd/Nick Jonas do a great job.,loved the story the characters very likeable characters paul ruddnick jonas do a great job,positive,1
power_ballad,"To be clear, John Carney's ""Once"" and ""Begin Again"" are two of my favorite movies about musical connections. Both are 5 stars and both soundtracks are terrific. THIS however, is a slog from start to finish. The background track pummels the dialog throughout. And the big ""song"" everyone is so worked up about is a sappy little ditty with a moronic hook. No, I did not like the music but the premise and overall story weren't much better.",to be clear john carneys once and begin again are two of my favorite movies about musical connections both are stars and both soundtracks are terrific this however is a slog from start to finish the background track pummels the dialog throughout and the big song everyone is so worked up about is a sappy little ditty with a moronic hook no i did not like the music but the premise and overall story werent much better,positive,1
power_ballad,"Power Ballad is one of the most underrated films of the year. Despite having recognizable stars and a solid marketing campaign, it never seemed to receive the wide release it deserved, which is a shame because the movie is genuinely entertaining. The biggest strength is the chemistry between Paul Rudd and Nick Jonas. Rudd takes a more restrained approach than he usually does in comedies, allowing the character to feel more natural and grounded, while Jonas brings authenticity and charisma to the musical side of the story. The supporting cast does its job, but this is clearly Rudd and Jonas’s film from beginning to end. Their dynamic keeps the story moving, and the music is memorable enough to stay with you after the credits roll. Overall, Power Ballad is a fun, heartfelt movie that balances comedy and music well. It may eventually find a larger audience on streaming, but it is absolutely worth checking out. The songs are catchy, and the theater experience adds value.",power ballad is one of the most underrated films of the year despite having recognizable stars and a solid marketing campaign it never seemed to receive the wide release it deserved which is a shame because the movie is genuinely entertaining the biggest strength is the chemistry between paul rudd and nick jonas rudd takes a more restrained approach than he usually does in comedies allowing the character to feel more natural and grounded while jonas brings authenticity and charisma to the musical side of the story the supporting cast does its job but this is clearly rudd and jonass film from beginning to end their dynamic keeps the story moving and the music is memorable enough to stay with you after the credits roll overall power ballad is a fun heartfelt movie that balances comedy and music well it may eventually find a larger audience on streaming but it is absolutely worth checking out the songs are catchy and the theater experience adds value,positive,1
power_ballad,"With a fairly predictable and age-old plot, the reliance is on the casting, acting, and subplots, generally. Music can help. These were finely done. There were gaps such as having no prior recording. Still, well worth watching and a good date movie.",with a fairly predictable and ageold plot the reliance is on the casting acting and subplots generally music can help these were finely done there were gaps such as having no prior recording still well worth watching and a good date movie,positive,1
power_ballad,"An entertaining and delightfully simple watch, Power Ballad is anchored by the chemistry between the cast and a music-based story that manages to be funny and heartfelt.",an entertaining and delightfully simple watch power ballad is anchored by the chemistry between the cast and a musicbased story that manages to be funny and heartfelt,positive,1
power_ballad,"Great acting from all of the cast. Very realistic. Heartfelt. and brings home the idea that while money is important, what is most important is having the ones we love. That this is what makes us real. Not money or fame.",great acting from all of the cast very realistic heartfelt and brings home the idea that while money is important what is most important is having the ones we love that this is what makes us real not money or fame,positive,1
tuner,"Really fun film, Leo Woodall was great! A bit of a predictable story line but a fun summer film to keep you intrigued and off your phone. Definitely worth seeing!",really fun film leo woodall was great a bit of a predictable story line but a fun summer film to keep you intrigued and off your phone definitely worth seeing,positive,1
tuner,"Unfortunately, Not a fan of the script!",unfortunately not a fan of the script,positive,1
tuner,Wonderful indie movie with great performances by all . Great musical performances as well . Unusual but compelling plot. Highly recommend,wonderful indie movie with great performances by all great musical performances as well unusual but compelling plot highly recommend,positive,1
tuner,Unpredictable & compelling story. Worth seeing.,unpredictable compelling story worth seeing,positive,1
tuner,best thriller movie ive seen in a while,best thriller movie ive seen in a while,positive,1
tuner,"This was great! Amazing! Wonderful! I got to see it as a preview before it came out and I was unsure if I really wanted to go, but I like popcorn so that got me there. The popcorn got me there but the movie kept me there! Excellent writing excellent music excellent acting just excellent all around!",this was great amazing wonderful i got to see it as a preview before it came out and i was unsure if i really wanted to go but i like popcorn so that got me there the popcorn got me there but the movie kept me there excellent writing excellent music excellent acting just excellent all around,positive,1
tuner,"Terrible film. Trite script, preposterous story line and poor directing which results in a film that I desperately wanted to finish so that I could get my life back.",terrible film trite script preposterous story line and poor directing which results in a film that i desperately wanted to finish so that i could get my life back,negative,0
tuner,"Enjoyed this one! It had a slow build, but the story was well-crafted. The actors did a great job and were well cast - so nice to see Dustin Hoffman.",enjoyed this one it had a slow build but the story was wellcrafted the actors did a great job and were well cast so nice to see dustin hoffman,positive,1
tuner,"Fantastic acting. Directing. It has it all, suspense, humor, romance, and absolute perfect movie making.",fantastic acting directing it has it all suspense humor romance and absolute perfect movie making,positive,1
tuner,Ahhh! Never will be a Dustin Hoffman in this lifetime,ahhh never will be a dustin hoffman in this lifetime,neutral,2
send_help,Really good psychological movie,really good psychological movie,positive,1
send_help,A somewhat unique story line that kept my attention the entire duration of the movie.,a somewhat unique story line that kept my attention the entire duration of the movie,positive,1
send_help,"It's great to see Sam Raimi back at it. Rachel McAdams did a fantastic job playing Linda Liddle, the socially awkward, over achieving, and over looked company employee. If you go into this movie knowing it's a dark comedy horror you'll enjoy it.",its great to see sam raimi back at it rachel mcadams did a fantastic job playing linda liddle the socially awkward over achieving and over looked company employee if you go into this movie knowing its a dark comedy horror youll enjoy it,positive,1
send_help,"Loved this movie, a classic horror comedy for people who enjoy Survivor or I Shouldn’t Be Alive with a dash of Misery (but more fun).",loved this movie a classic horror comedy for people who enjoy survivor or i shouldnt be alive with a dash of misery but more fun,positive,1
send_help,"This movie was disturbing and foul to watch. I expected better from these actors. The music was poorly chosen and the graphics of the CGI seemed lazy. The beginning of the movie I was invested in Linda's path, however her story as a whole took such a random turn I couldn't even finish the film.",this movie was disturbing and foul to watch i expected better from these actors the music was poorly chosen and the graphics of the cgi seemed lazy the beginning of the movie i was invested in lindas path however her story as a whole took such a random turn i couldnt even finish the film,negative,0
send_help,Fun and entertaining. The CGI falls apart IMO. The acting was great but the overall story was missing something. Worth a watch.,fun and entertaining the cgi falls apart imo the acting was great but the overall story was missing something worth a watch,positive,1
send_help,"Laughed out loud, love Sam raimi!",laughed out loud love sam raimi,positive,1
send_help,Quite the journey. Watched it twice. LOL,quite the journey watched it twice lol,positive,1
send_help,Loved this movie. Great acting and Racheal McAdams killed it (Literally)… Fun watch with a great plot. Not mad I spent money to see this one.,loved this movie great acting and racheal mcadams killed it literally fun watch with a great plot not mad i spent money to see this one,positive,1
send_help,"Umm what was that? Anytme it was going somewhere it doesn't. Spotty, jarring, and to all over the place for me. Had promise at first and then takes you on a roller-coaster to nowhere. C+",umm what was that anytme it was going somewhere it doesnt spotty jarring and to all over the place for me had promise at first and then takes you on a rollercoaster to nowhere c,positive,1
exit_8_2025,"Honestly, this was so obviously obvious and predictable… The character is behaving weirdly. The story is shallow and simple. Where is this acclaim coming from? Standards for films have gone really low lately I think.",honestly this was so obviously obvious and predictable the character is behaving weirdly the story is shallow and simple where is this acclaim coming from standards for films have gone really low lately i think,negative,0
exit_8_2025,"Very interesting, very entertaining",very interesting very entertaining,positive,1
exit_8_2025,Entertaining social commentary but this could have been a short and the same message would have been communicated.,entertaining social commentary but this could have been a short and the same message would have been communicated,positive,1
exit_8_2025,"Exit 8 delivers a uniquely unsettling experience built on a simple but clever concept. The entire film maintains a constant sense of unease, where even small details feel important and suspicious. Instead of relying on jump scares or heavy action, it focuses on psychological tension and atmosphere. Creepy, minimalistic, and surprisingly immersive—it stays in your mind long after it ends.",exit delivers a uniquely unsettling experience built on a simple but clever concept the entire film maintains a constant sense of unease where even small details feel important and suspicious instead of relying on jump scares or heavy action it focuses on psychological tension and atmosphere creepy minimalistic and surprisingly immersiveit stays in your mind long after it ends,negative,0
exit_8_2025,Ground hog day without the comedy.,ground hog day without the comedy,neutral,2
exit_8_2025,"It’s been a long time since I’ve watched a Japanese horror film and Exit 8 was such a fun return to the genre. I was somewhat familiar with the game it’s based on, but I’d never actually sat down and played it myself. I was honestly worried the movie might lean a little too goofy, but it did an excellent job of taking a very simple, almost cartoonish concept and turning it into something genuinely tense and creepy. I found myself whispering things like, ""No, turn back—you missed that anomaly!"" throughout the movie. It’s also the perfect length and sticks the landing with a really satisfying conclusion. I’d definitely recommend it to any horror fan, and I’ll be adding this one to my collection as soon as I can.",its been a long time since ive watched a japanese horror film and exit was such a fun return to the genre i was somewhat familiar with the game its based on but id never actually sat down and played it myself i was honestly worried the movie might lean a little too goofy but it did an excellent job of taking a very simple almost cartoonish concept and turning it into something genuinely tense and creepy i found myself whispering things like no turn backyou missed that anomaly throughout the movie its also the perfect length and sticks the landing with a really satisfying conclusion id definitely recommend it to any horror fan and ill be adding this one to my collection as soon as i can,positive,1
exit_8_2025,"Not much needed to make this an excellent psychological thrill ride. Phenomenal acting with so little words/dialogue. Pissed me off how it took a little child to finally get them out of the subway, I like to think I’d have fared a little better.",not much needed to make this an excellent psychological thrill ride phenomenal acting with so little wordsdialogue pissed me off how it took a little child to finally get them out of the subway i like to think id have fared a little better,positive,1
exit_8_2025,i watched this right after playing the game and im shocked that how amazing this is and the depth they added to the story,i watched this right after playing the game and im shocked that how amazing this is and the depth they added to the story,negative,0
exit_8_2025,"The storytelling is amazing. The movie does a great job building dread through each character, and it adapts the video game really well. The backstory they showed was good, and I love the first person view throughout the whole movie!",the storytelling is amazing the movie does a great job building dread through each character and it adapts the video game really well the backstory they showed was good and i love the first person view throughout the whole movie,positive,1
exit_8_2025,"Not unwatchable, but not scary at all. At least it's not too long.",not unwatchable but not scary at all at least its not too long,negative,0
the_sheep_detectives,Cute and love the actor,cute and love the actor,positive,1
the_sheep_detectives,I really enjoyed this movie. It was good. It was nostalgic. I love that. The movie gives you some hope and it seems that every time they travel it’s that big moment to show how much they love what they do to fight for each other so good movie I enjoyed it.,i really enjoyed this movie it was good it was nostalgic i love that the movie gives you some hope and it seems that every time they travel its that big moment to show how much they love what they do to fight for each other so good movie i enjoyed it,positive,1
the_sheep_detectives,"Fun movie, cute animation, Hugh Jackman was so charming. Liked the slymoments of humor, like when the town Butcher was trying to count the sheep but kept falling asleep. Really enjoyed it.",fun movie cute animation hugh jackman was so charming liked the slymoments of humor like when the town butcher was trying to count the sheep but kept falling asleep really enjoyed it,positive,1
the_sheep_detectives,Awesome. Funny. Great family movie.,awesome funny great family movie,positive,1
the_sheep_detectives,"This was the cutest movie I have seen in a while, such a good message and laughed and cried.",this was the cutest movie i have seen in a while such a good message and laughed and cried,positive,1
the_sheep_detectives,I wish I could give it 10 stars. Great movie to see with kids.,i wish i could give it stars great movie to see with kids,positive,1
the_sheep_detectives,"this is such a wonderful look into welsh culture, was rock solid thought the whooooooooole thing. #welshpride",this is such a wonderful look into welsh culture was rock solid thought the whooooooooole thing welshpride,positive,1
the_sheep_detectives,"I read the book a few months ago. Really enjoyed the movie. It takes what I liked about the original idea of the book, changed all the stuff I didn’t like, and rewrites the plot into something more lovable to me. I look forward to rewatching it.",i read the book a few months ago really enjoyed the movie it takes what i liked about the original idea of the book changed all the stuff i didnt like and rewrites the plot into something more lovable to me i look forward to rewatching it,positive,1
the_sheep_detectives,What a joyful creative movie. so many laughs. Lot of famous voices for the sheep. so many different type of sheep characters made this so interesting with their interactions... Learned why sheep cross the road!,what a joyful creative movie so many laughs lot of famous voices for the sheep so many different type of sheep characters made this so interesting with their interactions learned why sheep cross the road,positive,1
the_sheep_detectives,It was ok. The sheep were cute. Should have been better.,it was ok the sheep were cute should have been better,positive,1
iron_lung,This movie absolutely nailed the feeling of the game.,this movie absolutely nailed the feeling of the game,negative,0
iron_lung,Total crap zoomer nonsense probably French are involved,total crap zoomer nonsense probably french are involved,negative,0
iron_lung,"This movie could have been an email. I was quite curious, so I’ve watched the game walkthrough on YouTube in to understand the story. The game content is too short for a 2 hours movie. A lot of back and forth, you end up losing interest.",this movie could have been an email i was quite curious so ive watched the game walkthrough on youtube in to understand the story the game content is too short for a hours movie a lot of back and forth you end up losing interest,negative,0
iron_lung,Fantastic movie holy cannoli!,fantastic movie holy cannoli,positive,1
iron_lung,"It is very clearly a movie based on a video game and I always judge them a little diffrent then the rest - but I'm gonna be very honest with you for the first half I thought it was just going to be another one of those but then ""The Eye"" scene happened and it was unironically so beautiful that it was worth all the money I spend on it",it is very clearly a movie based on a video game and i always judge them a little diffrent then the rest but im gonna be very honest with you for the first half i thought it was just going to be another one of those but then the eye scene happened and it was unironically so beautiful that it was worth all the money i spend on it,positive,1
iron_lung,"i just watched the movie and it's honestly really unsettling in a good way. the whole movie traps you in this tiny submarine deep under a strange, blood red ocean and the isolation does most of the horror work. Its slow , quiet, and really tense rather than full of jump scares.",i just watched the movie and its honestly really unsettling in a good way the whole movie traps you in this tiny submarine deep under a strange blood red ocean and the isolation does most of the horror work its slow quiet and really tense rather than full of jump scares,positive,1
iron_lung,"This movie reminds me of another favourite suspense/horror film called ""Savageland"" in one key principle…. Less is definitely More!! This saying most definitely applies towards this work of art… It proves that an interesting concept, imagination and hard work does not need a massive budget, cast or landscape to merit success! If a word does come to mind to describe this film, then I suppose Claustrophobic works (to maximum effect)..",this movie reminds me of another favourite suspensehorror film called savageland in one key principle less is definitely more this saying most definitely applies towards this work of art it proves that an interesting concept imagination and hard work does not need a massive budget cast or landscape to merit success if a word does come to mind to describe this film then i suppose claustrophobic works to maximum effect,positive,1
iron_lung,"The visuals hurt this film more than the lack of building a clear story progression, leaving the whole movie feeling like it never brings the audience along in on what the climax is trying to present.",the visuals hurt this film more than the lack of building a clear story progression leaving the whole movie feeling like it never brings the audience along in on what the climax is trying to present,positive,1
iron_lung,Well made. It is impressive what one dedicated man can do with a low budget.,well made it is impressive what one dedicated man can do with a low budget,positive,1
iron_lung,"love this movie, this movie is the definition of stuck in the most uncomfortable situation while you're trying your best to survive even if it seems impossible, it's successfully deliver it. The ambience, the BLOOD, and the mystery outside the submarine. The story is top notch, for me at least. I like the mystery, and it's the one that kept me watching despite the slow-burn, the twists are insane. i also loves the ""markiplier"" personality, like simon kept saying cuss words, it's like seeing markiplier do a let's play, but it is real LMAO",love this movie this movie is the definition of stuck in the most uncomfortable situation while youre trying your best to survive even if it seems impossible its successfully deliver it the ambience the blood and the mystery outside the submarine the story is top notch for me at least i like the mystery and its the one that kept me watching despite the slowburn the twists are insane i also loves the markiplier personality like simon kept saying cuss words its like seeing markiplier do a lets play but it is real lmao,positive,1
hoppers,Great and hilarious creative movie! Never would’ve thought each animal species would have kings and a council! That’s pretty clever!,great and hilarious creative movie never wouldve thought each animal species would have kings and a council thats pretty clever,positive,1
hoppers,"Excellent movie! Very creative, and clever, storyline. It's really worth seeing, especially for kids. I highly recommend that you see this movie. 👍😊",excellent movie very creative and clever storyline its really worth seeing especially for kids i highly recommend that you see this movie,positive,1
hoppers,Super cute movie with a sweet theme! Teaching kids (and adults) to value nature is always a good thing!,super cute movie with a sweet theme teaching kids and adults to value nature is always a good thing,positive,1
hoppers,the butterfly death scene,the butterfly death scene,neutral,2
hoppers,"Hoppers was a good film. The plot was refreshingly different from that of a typical children’s movie. The film explores themes such as activism, family, emotional regulation, and personal growth. It also delivers plenty of humor, making it entertaining for both children and adults. One of the movie’s strengths is its unexpected twist, which helps keep the story engaging from beginning to end. Overall, I would recommend Hoppers as a great family movie night pick. It offers meaningful themes, strong comedy, and an engaging story that audiences of all ages can enjoy.",hoppers was a good film the plot was refreshingly different from that of a typical childrens movie the film explores themes such as activism family emotional regulation and personal growth it also delivers plenty of humor making it entertaining for both children and adults one of the movies strengths is its unexpected twist which helps keep the story engaging from beginning to end overall i would recommend hoppers as a great family movie night pick it offers meaningful themes strong comedy and an engaging story that audiences of all ages can enjoy,positive,1
hoppers,"I liked it a lot. But they don't really understand how to use a soundtrack with a little more humility. There are two things that reduce the enjoyment: The music. The perfect simulation of pristine nature, while real nature is being destroyed in every possible way. Is this where we've ended up? If you want to experience the miracles of nature, do you have to watch CGI? Because there's no nature left in real life?",i liked it a lot but they dont really understand how to use a soundtrack with a little more humility there are two things that reduce the enjoyment the music the perfect simulation of pristine nature while real nature is being destroyed in every possible way is this where weve ended up if you want to experience the miracles of nature do you have to watch cgi because theres no nature left in real life,positive,1
hoppers,The make no sense sometimes and I feel like they could have portrayed their message better,the make no sense sometimes and i feel like they could have portrayed their message better,positive,1
hoppers,"This was a lot of fun. Loved the animation style, the story, the sense of humor and the voice acting. Not my favorite Pixar, but definitely A-tier.",this was a lot of fun loved the animation style the story the sense of humor and the voice acting not my favorite pixar but definitely atier,positive,1
hoppers,Garbage garbage garbage... burn in helll anyone who likeq this shiait,garbage garbage garbage burn in helll anyone who likeq this shiait,neutral,2
hoppers,Pretty good movie. But.. the main characters ego is super high than it should be. I get she wants to continue a legacy of some sort with her grandma but geez she sometimes pisses me off mid film. Besides that this film is a big step from the horrible Elio. This may be the comeback of Pixar.,pretty good movie but the main characters ego is super high than it should be i get she wants to continue a legacy of some sort with her grandma but geez she sometimes pisses me off mid film besides that this film is a big step from the horrible elio this may be the comeback of pixar,positive,1
ladies_first_2026,Hilarious and disturbing all at once...must watch.,hilarious and disturbing all at oncemust watch,neutral,2
ladies_first_2026,"Loved this, great satire take on the reversal of gender roles. All the negative reviews seem to be from men who clearly don’t get what women go through.",loved this great satire take on the reversal of gender roles all the negative reviews seem to be from men who clearly dont get what women go through,positive,1
ladies_first_2026,Amazing film very funny and completely accurate from a woman's point of view and how hard it is being apart of man first society. Great switch over and lessons learnt.,amazing film very funny and completely accurate from a womans point of view and how hard it is being apart of man first society great switch over and lessons learnt,positive,1
ladies_first_2026,"If you are not a lesbian, side-cut owner, feminist with daddy issues, have blue hair or hate the patriarchy… well this movie is not for you. Trust me. It’s quite predictable, the screenplay was probably written by someone who never touched grass on her life and has no clue on what corporations are these days. If you want to score some points with that feminist girl you are dating, besides the fact that you should run away from her, this is a nice movie to put you two into the mood. At the end she will be having a good time and you already lost 50% of your cognitive capacity, so you will not regret of whatever you do next. The movie tries to be “edgy” but it’s just crap. As we say these days “millennial writing”.",if you are not a lesbian sidecut owner feminist with daddy issues have blue hair or hate the patriarchy well this movie is not for you trust me its quite predictable the screenplay was probably written by someone who never touched grass on her life and has no clue on what corporations are these days if you want to score some points with that feminist girl you are dating besides the fact that you should run away from her this is a nice movie to put you two into the mood at the end she will be having a good time and you already lost of your cognitive capacity so you will not regret of whatever you do next the movie tries to be edgy but its just crap as we say these days millennial writing,negative,0
ladies_first_2026,Every scene is just hilarious and so true. Also funny to read male comments here 🤣 Go Queens 👸,every scene is just hilarious and so true also funny to read male comments here go queens,positive,1
ladies_first_2026,"I'm used to Sacha Baron Cohen's unique brand of comedy and his ability to deliver films packed with satire, social commentary, and uncomfortable truths. This time, he tackles one of the most debated topics of modern society: gender roles and expectations. Ladies First explores a simple but effective premise: what if the world were reversed, with men and women swapping social positions? The result is an interesting exercise in empathy, and that's where Cohen extracts the film's greatest strengths. More than a fictional scenario, it often feels like a reflection of real-world dynamics viewed through a different lens. A smart and entertaining satire that encourages empathy and self-reflection, even if it doesn't leave the lasting impact of Cohen's strongest films.",im used to sacha baron cohens unique brand of comedy and his ability to deliver films packed with satire social commentary and uncomfortable truths this time he tackles one of the most debated topics of modern society gender roles and expectations ladies first explores a simple but effective premise what if the world were reversed with men and women swapping social positions the result is an interesting exercise in empathy and thats where cohen extracts the films greatest strengths more than a fictional scenario it often feels like a reflection of realworld dynamics viewed through a different lens a smart and entertaining satire that encourages empathy and selfreflection even if it doesnt leave the lasting impact of cohens strongest films,positive,1
ladies_first_2026,"Commedia che analizza il sessismo nel mondo del lavoro e che alterna momenti di vera frustrazione che può sembrare anche molto vicina allo spettatore di ambo i sessi, a momenti in cui in verità la parte demenziale prevale troppo. Purtroppo, dopo un inizio tutto sommato promettente, il film si disinnesca da solo portando dialoghi e gag poco incisive e dall'umorismo rivedibile. Anche il finale è abbastanza moscio e prevedibile, di fatto limitando il film al ruolo di commedia politically correct; senza andare più a fondo in nulla.",commedia che analizza il sessismo nel mondo del lavoro e che alterna momenti di vera frustrazione che pu sembrare anche molto vicina allo spettatore di ambo i sessi a momenti in cui in verit la parte demenziale prevale troppo purtroppo dopo un inizio tutto sommato promettente il film si disinnesca da solo portando dialoghi e gag poco incisive e dallumorismo rivedibile anche il finale  abbastanza moscio e prevedibile di fatto limitando il film al ruolo di commedia politically correct senza andare pi a fondo in nulla,neutral,2
ladies_first_2026,So funny my man laughed his ass off too. Very clever. For all our daughters!,so funny my man laughed his ass off too very clever for all our daughters,positive,1
ladies_first_2026,"So.....spoilers. The ending didn't sit well with me. It felt that he essentially went after Alex because of his romantic interest. Nothing else changed for any of the other female characters minus his secretary. It felt he went to get Alex back, to ""win"" her. And in order to get back to his world, he had to beat out a woman for her job. That she already had. And the most unrealistic part? Her getting a call about her kid's tooth. If the genders are supposed to be swapped, then it would have been the father dealing with it. Idk. It was boring and strange sometimes. Wouldn't recommend.",sospoilers the ending didnt sit well with me it felt that he essentially went after alex because of his romantic interest nothing else changed for any of the other female characters minus his secretary it felt he went to get alex back to win her and in order to get back to his world he had to beat out a woman for her job that she already had and the most unrealistic part her getting a call about her kids tooth if the genders are supposed to be swapped then it would have been the father dealing with it idk it was boring and strange sometimes wouldnt recommend,negative,0
ladies_first_2026,"Women and minorities still take priority over men, especially white men. I blame diznee and the baby boomers for turning the world into a minocracy where the unqualified are promoted and the qualified are dumped out. I know. It has happened to me.",women and minorities still take priority over men especially white men i blame diznee and the baby boomers for turning the world into a minocracy where the unqualified are promoted and the qualified are dumped out i know it has happened to me,neutral,2
the_furious_2025,A MUST WATCH! it will have your adrenaline on high. You will not be disappointed.,a must watch it will have your adrenaline on high you will not be disappointed,negative,0
the_furious_2025,Best kungfu movie in years,best kungfu movie in years,positive,1
the_furious_2025,Action packed must see movie!!!,action packed must see movie,positive,1
the_furious_2025,As good as the Raid movies. Xie Miao is awesome!,as good as the raid movies xie miao is awesome,positive,1
the_furious_2025,"Non stop action, well dubbed - in English when you need to watch the action and back to original with subtitles when storytelling/character building",non stop action well dubbed in english when you need to watch the action and back to original with subtitles when storytellingcharacter building,positive,1
the_furious_2025,A fun movie I watched with my mom Though the story is simple its cohesive enough and the action is great A few scenes I would say the action is a bit hard to follow due to lighting or camera too close idk but I enjoyed it nonetheless.,a fun movie i watched with my mom though the story is simple its cohesive enough and the action is great a few scenes i would say the action is a bit hard to follow due to lighting or camera too close idk but i enjoyed it nonetheless,positive,1
the_furious_2025,Best action movie of 2026,best action movie of,positive,1
the_furious_2025,Limited storyline smothered by a bunch of karate or judo moves that became a bit boring after while,limited storyline smothered by a bunch of karate or judo moves that became a bit boring after while,negative,0
the_furious_2025,"Great story, great action and the final fight scene is the craziest I’ve seen in any action movie. Despite that one part of the movie disappointed me, the rest of it was very good.",great story great action and the final fight scene is the craziest ive seen in any action movie despite that one part of the movie disappointed me the rest of it was very good,positive,1
the_furious_2025,Phenomenal action film! Quite possibly the best I’ve ever seen.,phenomenal action film quite possibly the best ive ever seen,positive,1
passenger_2026,"Phenomenal Movie ! It had a lot of action from beginning to end and it kept me on the edge of my seat the whole entire time! The beginning was my favorite part! Plus the jumpscares were really good too because while I could predict a few of them, some of them caught me off guard which I really liked! Some people say they don't like when horror movies are predictable such as with jumpscares and such, but whenever I try out new movies, most of the times I end up disappointed. So it feels nice to watch a movie that has a familiar touch to it because I know I'll enjoy it for a fact! So Yeah. 10 out of 10 for me for certain!",phenomenal movie it had a lot of action from beginning to end and it kept me on the edge of my seat the whole entire time the beginning was my favorite part plus the jumpscares were really good too because while i could predict a few of them some of them caught me off guard which i really liked some people say they dont like when horror movies are predictable such as with jumpscares and such but whenever i try out new movies most of the times i end up disappointed so it feels nice to watch a movie that has a familiar touch to it because i know ill enjoy it for a fact so yeah out of for me for certain,positive,1
passenger_2026,"Loved it all. Great jumpscares, great story, amazing actors!",loved it all great jumpscares great story amazing actors,positive,1
passenger_2026,Unpopular opinion but I think I like this better than the backrooms. Sorry. Jump scares aren’t effective for me but this made me jump.,unpopular opinion but i think i like this better than the backrooms sorry jump scares arent effective for me but this made me jump,positive,1
passenger_2026,How it kept appearing out of nowhere.,how it kept appearing out of nowhere,neutral,2
passenger_2026,It could have been a lot better but it was ok.,it could have been a lot better but it was ok,positive,1
passenger_2026,Mid est movie ever I mean their were a couple scares here and their but it had more potential and the story was simple but I wouldn’t watch this again,mid est movie ever i mean their were a couple scares here and their but it had more potential and the story was simple but i wouldnt watch this again,positive,1
passenger_2026,I loved the movie. It was good.,i loved the movie it was good,positive,1
passenger_2026,"It was pretty scary, mainly jumsp scares. The acting wasn’t the best. The demon itself looked scary, especially in the beginning. Kind of a typical horror movie but had some unsettling scenes.",it was pretty scary mainly jumsp scares the acting wasnt the best the demon itself looked scary especially in the beginning kind of a typical horror movie but had some unsettling scenes,positive,1
passenger_2026,"Since the primary purpose of a horror movie is always to be scary, and the tension present in Passenger is nerve-shredding at times, I would deem this movie a bigger success than many reviews have made it out to be. I'd never have guessed that either lead wasn't American, so fair play to them, but Jacob Scipio never quite acts as petrified as he ought to considering the relentless terror he's faced with. The titular 'Passenger,' whilst undermining the movie with arbitrary actions - seriously, he had countless opportunities to take care of that young couple before the fiery finale - is a figure likely to appear in the nightmares of viewers, particularly those who know the uneasiness of being the only earthly inhabitants for miles around. The trailers should have been retracted when it became clear that they ruined literally the entire opening scene and much beyond that - everybody who watched them knew exactly when the movie's best jump scare was coming! Familiar, sure, but good effort.",since the primary purpose of a horror movie is always to be scary and the tension present in passenger is nerveshredding at times i would deem this movie a bigger success than many reviews have made it out to be id never have guessed that either lead wasnt american so fair play to them but jacob scipio never quite acts as petrified as he ought to considering the relentless terror hes faced with the titular passenger whilst undermining the movie with arbitrary actions seriously he had countless opportunities to take care of that young couple before the fiery finale is a figure likely to appear in the nightmares of viewers particularly those who know the uneasiness of being the only earthly inhabitants for miles around the trailers should have been retracted when it became clear that they ruined literally the entire opening scene and much beyond that everybody who watched them knew exactly when the movies best jump scare was coming familiar sure but good effort,positive,1
passenger_2026,It’s a okay movie not as good as the trailer made it out to be.,its a okay movie not as good as the trailer made it out to be,positive,1
remarkably_bright_creatures,"This was a wonderful, wonderful film one of the best films I’ve seen in a very long time. Sally Field was wonderful.",this was a wonderful wonderful film one of the best films ive seen in a very long time sally field was wonderful,positive,1
remarkably_bright_creatures,"Remarkably Bright Creatures didn’t fully convince me with the octopus as an observer and narrator, but Sally Field and Lewis Pullman were outstanding. Their performances — and the stories they carried about relationships, resilience, and the quiet struggles people live through — were what stayed with me. In a world saturated with violence, division, and constant bad news, the film felt like a reminder of something simpler and more essential. It was genuinely uplifting. More than ever, I think we need films that focus on connection — on people looking out for one another, rebuilding trust, and finding their way back to community in a post‑pandemic world. I'd recommend it.",remarkably bright creatures didnt fully convince me with the octopus as an observer and narrator but sally field and lewis pullman were outstanding their performances and the stories they carried about relationships resilience and the quiet struggles people live through were what stayed with me in a world saturated with violence division and constant bad news the film felt like a reminder of something simpler and more essential it was genuinely uplifting more than ever i think we need films that focus on connection on people looking out for one another rebuilding trust and finding their way back to community in a postpandemic world id recommend it,positive,1
remarkably_bright_creatures,"It's was good. But all it left me with was how much I hate aquariums even more. Small tanks, no life for the animals. I wish they'd set it up as a sealife rescue where they released marcellus at the end and the time running out was his release not his death. I also guess the whole story line from the start.",its was good but all it left me with was how much i hate aquariums even more small tanks no life for the animals i wish theyd set it up as a sealife rescue where they released marcellus at the end and the time running out was his release not his death i also guess the whole story line from the start,positive,1
remarkably_bright_creatures,"Wonderful story. Very moving. Great acting by all. Absolutely loved it. Haven't seen a great, heartwarming movie like this in a while.",wonderful story very moving great acting by all absolutely loved it havent seen a great heartwarming movie like this in a while,positive,1
remarkably_bright_creatures,Loved it. Heart warming. What the world needs today.,loved it heart warming what the world needs today,positive,1
remarkably_bright_creatures,A rare live action movie. Just a truly heartwarming drama that is well worth watching. You might need a handkerchief to wipe away your tears.,a rare live action movie just a truly heartwarming drama that is well worth watching you might need a handkerchief to wipe away your tears,positive,1
remarkably_bright_creatures,It was so beautiful.I loved it so much.Best movie I have watched this year.,it was so beautifuli loved it so muchbest movie i have watched this year,positive,1
remarkably_bright_creatures,Interesting perspective,interesting perspective,positive,1
remarkably_bright_creatures,"Remarkably Bright Creatures is a warm, heartfelt story about grief, connection, and second chances. Sally Field is wonderful, and Marcellus the octopus is every bit as charming as you'd hope. Predictable at times, but so sincere and emotionally rewarding that I didn't mind at all. A genuinely lovely film.",remarkably bright creatures is a warm heartfelt story about grief connection and second chances sally field is wonderful and marcellus the octopus is every bit as charming as youd hope predictable at times but so sincere and emotionally rewarding that i didnt mind at all a genuinely lovely film,positive,1
remarkably_bright_creatures,"Im so used to saying, ""They don't make movies like that anymore"", but this movie had me doubting that statement. I guess every once in awhile they can indeed make a movie like they used to-- a movie with a heart, a soul and a powerful message. It also helps when that movie has Sally Fields.",im so used to saying they dont make movies like that anymore but this movie had me doubting that statement i guess every once in awhile they can indeed make a movie like they used to a movie with a heart a soul and a powerful message it also helps when that movie has sally fields,positive,1
i_swear_2025,"Watch it, you won’t regret it!",watch it you wont regret it,neutral,2
i_swear_2025,Es un cinta que me ha conmovido muchísimo poniéndome en la piel del personaje para una época donde sus acciones eran incomprendidas por otra parte el actor Robert Aramayo es el claro mejor actor del 2025.,es un cinta que me ha conmovido muchsimo ponindome en la piel del personaje para una poca donde sus acciones eran incomprendidas por otra parte el actor robert aramayo es el claro mejor actor del,neutral,2
i_swear_2025,"Tourette's is no joke, and this true to life biopic of John Davidson is really hard in moments, but really redeeming.",tourettes is no joke and this true to life biopic of john davidson is really hard in moments but really redeeming,positive,1
i_swear_2025,This movie changed my mind. Highly recommended.,this movie changed my mind highly recommended,positive,1
i_swear_2025,ASTONISHING MOVIE IT GIVE US DIFFERENT PERSPECTIVE FOR THE WORLD,astonishing movie it give us different perspective for the world,positive,1
i_swear_2025,"I Swear is the kind of movie that stays with you long after you've left the theater. Based on a true story, the film follows the struggles of a young man being diagnosed with Tourette's Syndrome in his childhood. In a time when mental illness and disabilities were not discussed but ostracized, John Davidson managed to find his path in life to help others suffering like him. The powerful messages, education, laughs, tears... all of it gives the viewer a better understanding of the uncurable disease. In the end, it is a must watch.",i swear is the kind of movie that stays with you long after youve left the theater based on a true story the film follows the struggles of a young man being diagnosed with tourettes syndrome in his childhood in a time when mental illness and disabilities were not discussed but ostracized john davidson managed to find his path in life to help others suffering like him the powerful messages education laughs tears all of it gives the viewer a better understanding of the uncurable disease in the end it is a must watch,positive,1
i_swear_2025,Absolutely great acting by Aramayo Robert. Really honestly moving.,absolutely great acting by aramayo robert really honestly moving,positive,1
i_swear_2025,I swear it's one of those movies that you absolutely want your kids to see. Not because it's entertaining and it keeps them quiet for an hour or so but because it teaches them A Life Lesson about how people are treated and things that people go through every day. that should make them cognizant of the way they treat everyone. Now let me get off my soapbox. An amazing tearjerker comedy drama lighthearted fun happy sad movie about the trials and tribulations of Tourette's.,i swear its one of those movies that you absolutely want your kids to see not because its entertaining and it keeps them quiet for an hour or so but because it teaches them a life lesson about how people are treated and things that people go through every day that should make them cognizant of the way they treat everyone now let me get off my soapbox an amazing tearjerker comedy drama lighthearted fun happy sad movie about the trials and tribulations of tourettes,positive,1
i_swear_2025,"Hilarious, stressful & emotional",hilarious stressful emotional,positive,1
i_swear_2025,"Absolutely amazing! This movie tells a powerful story about a man living with Tourette syndrome and the many struggles and challenges that come with the condition. It is deeply moving, even if you’ve never met someone with Tourette syndrome before. The film is incredibly inspiring and reminds us that having caring, supportive people around you can make all the difference. It delivers a beautiful message about kindness, compassion, and the impact they can have on our lives. This is a must-see movie. It will make you laugh, bring you joy, fill you with love, and probably leave you in tears. The cinematography is stunning, and the cast delivers outstanding performances. A true masterpiece from start to finish.",absolutely amazing this movie tells a powerful story about a man living with tourette syndrome and the many struggles and challenges that come with the condition it is deeply moving even if youve never met someone with tourette syndrome before the film is incredibly inspiring and reminds us that having caring supportive people around you can make all the difference it delivers a beautiful message about kindness compassion and the impact they can have on our lives this is a mustsee movie it will make you laugh bring you joy fill you with love and probably leave you in tears the cinematography is stunning and the cast delivers outstanding performances a true masterpiece from start to finish,positive,1
apex_2026,"Unrealistic, the end is meh. Action is present most part of the movie.",unrealistic the end is meh action is present most part of the movie,positive,1
apex_2026,"This film offers nothing that hasn't already been done before. A very boring and tedious first half, and the second half isn't much better. The action offers nothing more that some rock climbing, kayaking and running. Very boring, very dull, very overrated.",this film offers nothing that hasnt already been done before a very boring and tedious first half and the second half isnt much better the action offers nothing more that some rock climbing kayaking and running very boring very dull very overrated,negative,0
apex_2026,Lots of good action and scenery,lots of good action and scenery,positive,1
apex_2026,"It's good in a classic 90s action movie way and I think people will look back on it fondly as a proper B movie. Strong opening sequence, vivid characters, and a rewarding ending - what more can you ask for. Reviewers bombing over 'climbing inaccuracies' probably also hate Armageddon for its faint grasp on aerospace aeronautics Watch it!",its good in a classic s action movie way and i think people will look back on it fondly as a proper b movie strong opening sequence vivid characters and a rewarding ending what more can you ask for reviewers bombing over climbing inaccuracies probably also hate armageddon for its faint grasp on aerospace aeronautics watch it,positive,1
apex_2026,In that convenient store I knew it the first time the guy is going to chase her...she can literally break his other leg why go up tho? Cos she's going to betrayed him once he got up. Haha,in that convenient store i knew it the first time the guy is going to chase hershe can literally break his other leg why go up tho cos shes going to betrayed him once he got up haha,positive,1
apex_2026,thrilling and visually stunning!,thrilling and visually stunning,positive,1
apex_2026,Beautifully filmed cat and mouse style film. It however leaves a lot to be desired.,beautifully filmed cat and mouse style film it however leaves a lot to be desired,positive,1
apex_2026,"I watched the opening climbing scenes and couldn’t believe the basic inaccuracies. Ie, clipping into the wrong part of a quick draw. Not setting a friend anchor correctly into a crack. Wearing sports climbing shoes on an ice route. Wearing dachstein woolen mitts instead of modern gloves. Abseiling down together down the mountain. All ridiculous- I turned it off after the climbing- if this is the directors attention to detail then it’s not worth watching.",i watched the opening climbing scenes and couldnt believe the basic inaccuracies ie clipping into the wrong part of a quick draw not setting a friend anchor correctly into a crack wearing sports climbing shoes on an ice route wearing dachstein woolen mitts instead of modern gloves abseiling down together down the mountain all ridiculous i turned it off after the climbing if this is the directors attention to detail then its not worth watching,negative,0
apex_2026,"I was on the edge of my seat throughout the entire movie. The only downside being the trailer gave away too much. I would have preferred being surprised by Ben’s actions in the moment rather than already seeing that he was the one hunting her from the trailer. Overall it is a very enjoyable, but predictable, movie.",i was on the edge of my seat throughout the entire movie the only downside being the trailer gave away too much i would have preferred being surprised by bens actions in the moment rather than already seeing that he was the one hunting her from the trailer overall it is a very enjoyable but predictable movie,positive,1
apex_2026,Bad and unrealistic (even for movies) ending. Could of been good,bad and unrealistic even for movies ending could of been good,negative,0
dead_mans_wire,Boring and pointless.,boring and pointless,negative,0
dead_mans_wire,"A solid drama with plenty of good performances. The story didn't particularly grip me, but the cast did.",a solid drama with plenty of good performances the story didnt particularly grip me but the cast did,positive,1
dead_mans_wire,It was all right. Good cast but predictable and kind of slow and boring. I had to fast fwd to see the end which I had an idea what it was.,it was all right good cast but predictable and kind of slow and boring i had to fast fwd to see the end which i had an idea what it was,positive,1
dead_mans_wire,"Exactly what’s wrong with this corporation king world we all now suffer! It happened to a friend of mine! Be went to buy a huge Dental clinic, place made £550,000 profit per year after paying everything including owners husband and wife £120,000 each! So,,, the bank handed his business plan under the table to a load of corporations and tried to push him out the deal with crap excuses! The owner wanted him to have it so told him he had five offers suddenly from big dental corporations so my friend found out!! He had to sue the bank for doing this using the owner as a witness as this isn’t legal! As a world we must make a stand before a select few buy up everything worth having to then use the rest of us as drones to service the directors and boards needs!!! They do nothing and get richer with baby soft fingers and bully tactics!! Great movie!! Illustrating the point clearly down to the law backing up the real crooks! He won but had to do ten years for the privilege of proving his point!",exactly whats wrong with this corporation king world we all now suffer it happened to a friend of mine be went to buy a huge dental clinic place made profit per year after paying everything including owners husband and wife each so the bank handed his business plan under the table to a load of corporations and tried to push him out the deal with crap excuses the owner wanted him to have it so told him he had five offers suddenly from big dental corporations so my friend found out he had to sue the bank for doing this using the owner as a witness as this isnt legal as a world we must make a stand before a select few buy up everything worth having to then use the rest of us as drones to service the directors and boards needs they do nothing and get richer with baby soft fingers and bully tactics great movie illustrating the point clearly down to the law backing up the real crooks he won but had to do ten years for the privilege of proving his point,positive,1
dead_mans_wire,"Now 'Dog Day Afternoon' from 1975 starring Al Pacino and John Cazale is a classic, based on the true story of a bank robbery that goes wrong, and this flick is a kind of remake? The story is different though, Bill Skarsgard stars as a desperate man who wants justice from the bank he believed ripped him off in a property deal, he takes the son of the Bank's CEO (played brilliantly by Al Pacino) wires a shotgun around his neck, demanding compensation, but most of all, an apology, something Pacino's character refuses! It's a quality film throughout, the 70's is brilliantly recreated, everything's beige, smoke fills every room, Skarsgard is brilliant, as is Dacre Montgomery as the unfortunate kidnap victim, and of course Pacino (though he sadly is only in a few scenes) This is out on Sky Movies, I'd never heard of it until seeing it advertised, and it's well worth checking out. 4/5",now dog day afternoon from starring al pacino and john cazale is a classic based on the true story of a bank robbery that goes wrong and this flick is a kind of remake the story is different though bill skarsgard stars as a desperate man who wants justice from the bank he believed ripped him off in a property deal he takes the son of the banks ceo played brilliantly by al pacino wires a shotgun around his neck demanding compensation but most of all an apology something pacinos character refuses its a quality film throughout the s is brilliantly recreated everythings beige smoke fills every room skarsgard is brilliant as is dacre montgomery as the unfortunate kidnap victim and of course pacino though he sadly is only in a few scenes this is out on sky movies id never heard of it until seeing it advertised and its well worth checking out,positive,1
dead_mans_wire,This is a well made film based upon a true story about a Greek land owner who decides to take matters in his own hands to get justice from the mortgage company he believes did him wrong. The acting is top notch. Bill Skarsgard is a great actor. Al Pacino is always good. The look and feel are pure 70's. Just never gets to the next level but highly watchable.,this is a well made film based upon a true story about a greek land owner who decides to take matters in his own hands to get justice from the mortgage company he believes did him wrong the acting is top notch bill skarsgard is a great actor al pacino is always good the look and feel are pure s just never gets to the next level but highly watchable,positive,1
dead_mans_wire,"After feeling taken advantage of by a mortgage company, Tony straps a shotgun to the owner’s son. They did a good job setting the time period with aged camerawork and vintage stills.",after feeling taken advantage of by a mortgage company tony straps a shotgun to the owners son they did a good job setting the time period with aged camerawork and vintage stills,positive,1
dead_mans_wire,"It felt real, almost as if we were watching the kidnapping unfold in front of us. The film did a very good job recreating the look and sound of the mid-1970s, from the clothes and interiors to the media circus around the event. True crime usually has little appeal for us, but this one was unusual enough and well made enough to be worth watching.",it felt real almost as if we were watching the kidnapping unfold in front of us the film did a very good job recreating the look and sound of the mids from the clothes and interiors to the media circus around the event true crime usually has little appeal for us but this one was unusual enough and well made enough to be worth watching,positive,1
dead_mans_wire,"This crime movie was great. Bill Skarsgard, Dacre Montgomery, Cary Elwes, Colman Domingo, Al Pacino, Myha'la, and the rest of the cast did a great job in this movie. This true story about Tony Kiritsis, an angry real estate developer took Richard Hall hostage because his dad who was head of Meridian Mortgage, believed he was cheated and ruined by them was dramatic and intense. If you haven't seen this movie yet, check it out sometime. It's worth watching.",this crime movie was great bill skarsgard dacre montgomery cary elwes colman domingo al pacino myhala and the rest of the cast did a great job in this movie this true story about tony kiritsis an angry real estate developer took richard hall hostage because his dad who was head of meridian mortgage believed he was cheated and ruined by them was dramatic and intense if you havent seen this movie yet check it out sometime its worth watching,positive,1
dead_mans_wire,Boring story. Otherwise exceptional. Great performances. Great directing. Just boring.,boring story otherwise exceptional great performances great directing just boring,positive,1
is_god_is,"Felt to me a contemporary 1970s blaxploitation movie, But without the tired stereotypes, kept me glued throughout.",felt to me a contemporary s blaxploitation movie but without the tired stereotypes kept me glued throughout,negative,0
is_god_is,Why has everyone rated this movie so highly?,why has everyone rated this movie so highly,positive,1
is_god_is,"Very well done. It’s a story that deserved to be told. Brutal, brilliant, fun/funny, relatable, great acting and wonderfully made.",very well done its a story that deserved to be told brutal brilliant funfunny relatable great acting and wonderfully made,positive,1
is_god_is,"Meh… could’ve been great. Story was awesome. Acting was fantastic. Left me wanting more. Wish each character they came across was brutal that gave them more of a challenge to get to where they ended up. Not worth the money, definitely worth the stream.",meh couldve been great story was awesome acting was fantastic left me wanting more wish each character they came across was brutal that gave them more of a challenge to get to where they ended up not worth the money definitely worth the stream,positive,1
is_god_is,Feminine Rage Catharsis: The Movie,feminine rage catharsis the movie,neutral,2
is_god_is,Excellent Mo ie! Kept me entertained throughout.,excellent mo ie kept me entertained throughout,positive,1
is_god_is,"I liked the original story line. The make up was awesome. I really felt like the characters were real and relatable through their shared trauma bonding. I disliked the ending. I hated that the twin was burned alive. It was like all they did was for not. But, I seen the strength and the growth of the surviving twin.",i liked the original story line the make up was awesome i really felt like the characters were real and relatable through their shared trauma bonding i disliked the ending i hated that the twin was burned alive it was like all they did was for not but i seen the strength and the growth of the surviving twin,positive,1
is_god_is,The characters make this work. The story isn’t anything groundbreaking but it’s a fun journey. Worth a watch,the characters make this work the story isnt anything groundbreaking but its a fun journey worth a watch,positive,1
is_god_is,Tonally awkward drivel.,tonally awkward drivel,negative,0
is_god_is,Phenomenal! From start to finish Is God Is takes you on a fast paced emotional roller coaster,phenomenal from start to finish is god is takes you on a fast paced emotional roller coaster,positive,1
